StationCode,saltwater
0,True
12N,True
12S,True
15N,True
15S,False
201LAG115,False
201LAG120,False
201LAG210,False
201LAG230,False
201LAG390,False
201WLK162,False
202BUT040,False
202BUT050,False
202PES060,False
202PES134,False
202PES135,False
202PES150,False
202PES193,False
202PES194,False
202SGR079,False
202SGR100,False
204SLE070,False
204SLE090,False
204SLE170,False
204SLE190,False
204SLE200,False
204SMA020,False
204SMA060,False
204SMA080,False
205PER080,False
205STE020,False
205STE070,False
205STE080,False
205STE090,False
206PET265,False
206PET310,False
206PET315,False
206PET400,False
206SPA060,False
206SPA150,False
206WIL070,False
206WIL130,False
207KIR053,False
207KIR110,False
207MTD120,False
21N,True
21S,True
27N,True
27S,True
29S,True
304APS,False
304APT,False
304APW,False
304ARA,False
304BEP,False
304BH9,False
304BRA,False
304GAZ,True
304LOR,True
304RIV,False
304SCM,False
304SCO,True
304SL9,False
304SLB,False
304SLE,False
304SOK,False
304SOQ,False
304SOU,False
304VAL,False
304WAD,True
304ZAY,False
305BRI,False
305CAR,False
305CHE,False
305CHI,False
305COR,False
305COR2,False
305FRA,False
305FUF,False
305HAR,True
305HOL,False
305LEA,False
305LLA,False
305LUC,False
305MON,False
305MUR,False
305OAK,False
305PAC,False
305PAJ,False
305PES,False
305PJP,False
305SAN,False
305SJN,False
305STL,True
305TES,False
305THU,False
305TRE,False
305UVA,False
305VIS,False
305WSA,False
306CAR,True
306ELK,True
306MCM,False
306WAC,False
307CMD,False
307CML,False
307CMN,False
307CMU,False
307TUL,False
308BGC,False
308BSR,False
308BSU,False
308GAR,False
308LIM,False
308LSR,False
308LSU,False
308MIL,False
308SAM,False
308SJC,False
308WLO,False
309ALD,False
309ALU,False
309ATS,False
309AXX,False
309DAV,False
309DSA,False
309GAB,False
309GRN,False
309KNG,False
309LOK,False
309LOR,False
309MOR,True
309NAC,False
309OLD,True
309POT,True
309PSO,False
309QUA,False
309RTA,False
309SAC,False
309SAN,False
309SAS,False
309SAT,False
309SBR,True
309SDR,False
309SEC,False
309SET,False
309SUN,False
309TDW,False
309TEM,True
309TOP,False
309UAL,False
309UQA,False
309USA,False
310ADC,True
310AGB,False
310AGF,False
310AGS,False
310ARG,False
310BER,False
310CAN,False
310CAY,False
310COO,False
310MOL,False
310MOR,False
310OLD,False
310PCO,True
310PIS,False
310PRE,False
310SCN,False
310SCP,True
310SLB,False
310SLC,False
310SLM,False
310SLV,False
310SRO,True
310SRU,False
310SSC,True
310SSU,False
310TOR,False
310TUR,False
310TWB,True
310VIA,False
311SLE,False
311SLN,False
312ALA,False
312BCD,False
312BCF,False
312BCU,False
312BRE,False
312BSR,False
312CAV,False
312CCC,False
312CUL,False
312CUT,False
312CUY,False
312GVS,False
312GVT,False
312HUA,False
312MSD,False
312MSS,False
312NIP,False
312NIT,False
312OFC,False
312OFL,False
312OFN,False
312ORB,False
312ORC,False
312ORI,False
312ORS,False
312SBC,False
312SIS,False
312SIV,False
312SMA,True
312SMI,False
313SAB,False
313SAC,False
313SAE,False
313SAI,False
314MIG,False
314SAL,False
314SYC,False
314SYF,False
314SYI,False
314SYL,False
314SYN,False
314SYP,False
315ABH,False
315ABU,False
315ANN,False
315APC,False
315ATA,False
315ATU,False
315BEL,False
315CAP,False
315CAU,False
315CRP,False
315DEV,True
315DOS,False
315FRC,False
315GAI,False
315GAV,True
315GOS,True
315JAL,False
315LCR,False
315MIS,False
315MIU,False
315MTC,False
315MYC,False
315RIN,False
315ROM,False
315RSB,False
315SCC,False
315SJC,False
315SMC,False
315SPC,False
315TCI,False
315TOR,False
315YSI,False
317CHO,False
317ESE,False
317EST,False
33N,True
39N,True
39S,True
3N,True
3S,True
404SMB001,False
404SMB002,False
404SMB003,False
404SMB005,False
404SMB006,False
404SMB007,False
404SMB008,False
404SMB010,False
404SMB011,False
404SMB012,True
404SMB014,True
404SMB016,False
404SMB017,False
404SMB018,True
404SMB020,False
404SMB021,False
404SMB022,True
404SMB024,True
404SMB026,True
404SMB028,True
404SMB029,True
404SMB031,False
404SMB032,False
404SMB033,False
404SMB034,False
404SMB035,False
404SMB037,True
404SMB038,False
404SMB039,True
404SMB040,False
404SMB042,False
404SMB043,False
404SMB044,True
404SMB061,False
404SMB062,False
404SMB063,False
404SMB065,False
404SMB075,False
404SMB21A,False
405DCAMDA,True
405DCANHM,True
405DCARVT,False
405DCARWN,False
405DCAVLN,True
405DCMAIN,True
405DCSVDA,True
405DCWLTN,True
405LA4098,True
405LA4226,True
405LA4274,True
405LA4568,True
405LA4720,True
405LA4744,True
405LA4760,True
405SMB045,False
405SMB046,False
405SMB047,False
405SMB048,False
405SMB049,False
405SMB050,False
405SMB051,False
405SMB052,True
405SMB053,False
405SMB054,False
405SMB055,False
405SMB059,False
405SMB060,True
405SMB069,False
405SMB070,False
405SMB45A,False
504ST1302,False
504XPNCGR,False
508XACACR,False
508XSRABB,False
510ST0201,False
511ULCABR,False
511XSSLIB,False
511XWLSPL,False
512XPCULB,False
513XMDLCR,False
514XNRTCN,False
515ST0472,False
515XLHNCT,False
515XYRAMV,False
518XCCBRW,False
518XCCDLX,False
519ST1020,False
519XSACSL,False
519XSRAVB,False
520SRACOL,False
520XCOLDR,False
520XFRSHC,False
520XLSNKR,False
520XSSKNK,False
520XWLKCH,False
524XSRBKR,False
526EL0009,False
526FR0001,False
526FR0002,False
526FR0004,False
526FR0005,False
526FR0006,False
526FR0007,False
526FR0008,False
526LT0010,False
526P00001,False
526P00002,False
526P00003,False
526P00004,False
526P00005,False
526P00006,False
526P00007,False
526P00008,False
526P00009,False
526P00010,False
526P00011,False
526SC0003,False
526T00001,False
526T00002,False
526T00003,False
526T00004,False
526T00005,False
526T00006,False
526T00007,False
526T00008,False
526T00009,False
526T00010,False
526T00011,False
526T00012,False
526T00014,False
526T00015,False
526T00016,False
526T00017,False
526T00020,False
526T00021,False
526T00022,False
526T00024,False
526T00025,False
526T00026,False
526T00027,False
526T00028,False
526T00029,False
526T00030,False
526T00032,False
526T00033,False
526TR0011,False
526TR0012,False
526XFRRRB,False
526XPRCAN,False
526XPRPIT,False
531XCRTWN,False
531XGIDLR,False
539FRR010,False
539FRR020,False
539FRR030,False
539FRR050,False
539FRR060,False
539FRR080,False
539FRR090,False
539HEL040,False
539NEC010,False
541MAD007,False
541MER522,False
541MER531,False
541MER554,False
541STC019,False
541STC040,False
541STC042,False
541STC519,False
541STC523,False
541XDMCDP,False
541XDPCCR,False
541XLBCCC,False
541XMRDRR,False
541XMSUSL,False
541XNWHFR,False
541XPSAIA,False
541XROLFA,False
541XSJRPP,False
541XSSASD,False
541XTSAER,False
541XVH132,False
541XWWNCR,False
551ACOEBR,False
551KRAJBP,False
551KRALMW,False
551KRAMAV,False
551LKI010,False
551LKI020,False
551LKI030,False
551LKI040,False
551LKI050,False
551LKI060,False
551MILLCR,False
551WWDAPM,False
551WWDCCC,False
551WWDCCH,False
552HUM010,False
552HUM020,False
552HUM030,False
552KIN010,False
552KIN020,False
552KIN040,False
552KIN050,False
552LEW010,False
552TEN010,False
553KAL010,False
553KAL020,False
553KAL030,False
553KAL040,False
553KAR010,False
553KAR020,False
553KAR030,False
553KAR040,False
554ISA010,False
554ISA020,False
554ISA040,False
554ISA050,False
554ISA060,False
554ISA070,False
554ISA080,False
554ISA090,False
554KER010,False
554KER020,False
554KER030,False
554KER040,False
554KER050,False
554KER060,False
554KER070,False
555SUC010,False
555SUC020,False
555SUC030,False
555TUR010,False
555TUR020,False
555TUR030,False
555TUR040,False
555TUR050,False
555TUR051,False
558CCHSP4,False
558CCR010,False
558CCRSP4,False
558DCR120,False
558DCR178,False
558DER010,False
558DER011,False
558DER020,False
558DER030,False
558DER040,False
558DER050,False
558DER060,False
558EBAR96,False
558ELKSP5,False
558GSDSP6,False
558KAR050,False
558KAR060,False
558KER080,False
558KER090,False
558KER110,False
558KWRSP1,False
558MDCH46,False
558PSR192,False
558SCDSP3,False
558SJRSP2,False
558STJ010,False
558STJ011,False
558STJ020,False
558TRA144,False
558TRAR92,False
558TUR060,False
558TUR070,False
558TUR090,False
558TUR100,False
558TUR110,False
558TUR120,False
558TUR130,False
558WWDAPE,False
603HCH001,False
603HIL001,False
603HOT050,False
603LPC001,False
603LPC002,False
603MAM006,False
603MAM007,False
603MAM008,False
603MAM009,False
603MAM014,False
603RCK002,False
609AMR001,False
609AMR002,False
626LRR001,False
630BUC004,False
630BUC005,False
630EWK001,False
630EWK002,False
630EWK003,False
630RBS006,False
630RBS007,False
630RBS008,False
631LWK003,False
631WWK001,False
631WWK007,False
631WWK008,False
632ECR005,False
633WCR002,False
634TALB01,False
634TALB03,False
634TRTB02,False
634TRTB03,False
637LNG002,False
637SUS001,False
637SUS002,False
637SUS003,False
641BID001,False
641CDR001,False
641CDR002,False
641MIL001,False
641MIL002,False
6N,True
6S,True
713CRNVBD,False
714PLH216,False
715CPVLG1,False
715CPVOD2,False
715CRIDG1,False
715CRIDU1,False
715CRPDDM,False
715CRPVDD,False
715CRSQLK,False
715CRTLI1,False
715TF0091,False
719CVSC52,False
719CVSCOT,False
723ARDP03,False
723ARDP06,False
723ARDP08,False
723ARDP10,False
723ARDP6A,False
723ARGRB1,False
723ARINTL,False
723NRBDRY,False
723NRDP02,False
723NREVHU,False
723NRFGDN,False
723NRGNDN,False
723NROTWM,False
723NRRCD3,False
723NRRCDN,False
725SCSLGH,False
727CRRMD4,False
728SSDNW2,True
728SSGS02,True
728SSGS07,True
728SSGS09,True
801MSC3 ,False
801MSC7 ,False
801MSM5 ,False
801MSS1 ,False
801MSS4 ,False
9N,True
9S,True
AHC-MLS,False
AHC-TWAS-1,False
Am River at Hwy 80,False
B-11,True
B-60,True
B-7,True
B-9,True
B03_AC0,True
B03_AC0OFFSHORE,True
B03_AC225L,True
B03_AC225LOFFSHORE,True
B03_AC225R,True
B03_AC225ROFFSHORE,True
B03_AC25L,True
B03_AC25LOFFSHORE,True
B03_AC25R,True
B03_AC25ROFFSHORE,True
B03_AC75L,True
B03_AC75LOFFSHORE,True
B03_AC75R,True
B03_AC75ROFFSHORE,True
B03_ACU,True
B03_B03W013,True
B03_B03W014,True
B03_B03W015,True
B03_B03W016,True
B03_B03W017,True
B03_B03W018,True
B03_B03W019,True
B03_B03W020,True
B03_B03W021,True
B03_B03W022,True
B03_B03W023,True
B03_B03W024,True
B03_B03W200,True
B03_B03W201,True
B03_B03W202,True
B03_BAY0O,True
B03_BAY0SH,True
B03_BAY100LO,True
B03_BAY100LSH,True
B03_BAY150LO,True
B03_BAY150LSH,True
B03_BAY25LO,True
B03_BAY25LSH,True
B03_BAY50LO,True
B03_BAY50LSH,True
B03_BAYMZO,True
B03_BAYMZSH,True
B03_CORTEZ SHORE,True
B03_CORTEZ SURF,True
B03_KEL10O,True
B03_KEL10SH,True
B03_KEL1100L,True
B03_KEL1100LO,True
B03_KEL1100R,True
B03_KEL1100RO,True
B03_KEL125L,True
B03_KEL125LO,True
B03_KEL125LSH,True
B03_KEL125R,True
B03_KEL125RO,True
B03_KEL125RSH,True
B03_KEL145RO,True
B03_KEL145RSH,True
B03_KEL150LO,True
B03_KEL150LSH,True
B03_KEL1MZ,True
B03_KEL1MZO,True
B03_KEL20O,True
B03_KEL2100L,True
B03_KEL2100LO,True
B03_KEL2100R,True
B03_KEL2100RO,True
B03_KEL225L,True
B03_KEL225LO,True
B03_KEL225R,True
B03_KEL225RO,True
B03_KEL225RSH,True
B03_KEL250LO,True
B03_KEL250LSH,True
B03_KEL250RO,True
B03_KEL250RSH,True
B03_KEL280LO,True
B03_KEL280LSH,True
B03_KEL2O,True
B03_MMT SHORE,True
B03_MMT SURF,True
B03_SEL 0MSL,True
B03_SEL 0MSZ,True
B03_SEL 225LSL,True
B03_SEL 225LSZ,True
B03_SEL 225RSL,True
B03_SEL 225RSZ,True
B03_SEL 25LSL,True
B03_SEL 25LSZ,True
B03_SEL 25RSL,True
B03_SEL 25RSZ,True
B03_SEL 75LSL,True
B03_SEL 75LSZ,True
B03_SEL 75RSL,True
B03_SEL 75RSZ,True
B03_TJ RIVER 225L SHORE,True
B03_TJ RIVER 225L SURF,True
B03_TJ RIVER 225R SHORE,True
B03_TJ RIVER 225R SURF,True
B03_TJ RIVER 25L SHORE,True
B03_TJ RIVER 25L SURF,True
B03_TJ RIVER 25R SHORE,True
B03_TJ RIVER 25R SURF,True
B03_TJ RIVER 75L SHORE,True
B03_TJ RIVER 75L SURF,True
B03_TJ RIVER 75R SHORE,True
B03_TJ RIVER 75R SURF,True
B03_TJ RIVER SHORE,True
B03_TJ RIVER SURF,True
B03_TJ RIVER UPSTREAM,False
BC-030,True
BDP07,True
BDP08,True
BDP12,True
BDP13,True
BDP14,True
BDP15,True
BDP16,True
BDP17,True
BHH04,True
BHH05,True
BHH06,False
BHH08,True
BHH09,True
BHH11,True
BHH12,True
BHH13,False
BHH15,True
BHH16,True
BNB01,True
BNB02,True
BNB03,True
BNB05,True
BNB07,True
BNB09,True
BNB10,True
BNB11,True
BNB12,True
BNB14,True
BNB15,True
BNB17,True
BNB18,True
BNB20,True
BNB21,True
BNB22,True
BNB23,True
BNB24E,False
BNB24M,True
BNB24N,True
BNB24W,True
BNB25,False
BNB26,True
BNB28,True
BNB29,True
BNB30,True
BNB31,True
BNB32,True
BNB33,True
BNB34,True
BNB35,True
BNS01,True
BNS02,True
BVC-TWAS-1,False
Bean Hollow State Beach,True
C-1,True
C-2,True
C1,True
CB-01,True
CB-02,True
CBCW1,True
CC-SD8(1),False
CDBNC,True
CLBBC,True
CLBEB,True
CNB45,True
CNBBC,True
CNBBG,True
CNBCC,True
CNBCD,True
CNBCU,False
CNBEU,False
CNBMC,True
CNBND,False
CNBPM,True
CNBPP,True
CNBPW,True
CNBSA,True
CSGR1,True
CSGRM,True
CSLSC,True
Cliff's Marina,False
Crown 2001 Shoreline Dr.,True
Crown Bath House,True
Crown Bird Sanctuary,True
Crown Sunset Rd.,True
Crown Windsurfer Corner,True
DHS001,True
DHS004,True
DHS009,True
DHS010,True
DHS101,True
DHS113,True
DHS121,True
DM-SID-1,False
Discovery,False
EH-010,True
EH-020,True
EH-030,True
EH-033,True
EH-041,False
EH-050,True
EH-053,True
EH-056,True
EH-060,True
EH-062,True
EH-070,True
EH-080,True
EH-090,True
EH-100,True
EH-120,True
EH-140,True
EH-160,True
EH-170,True
EH-190,True
EH-200,True
EH-205,True
EH-210,True
EH-211,True
EH-227,True
EH-230,True
EH-240,True
EH-250,True
EH-253,True
EH-255,True
EH-260,True
EH-270,True
EH-280,True
EH-290,False
EH-300,True
EH-303,True
EH-305,True
EH-310,True
EH-312,True
EH-320,False
EH-330,True
EH-340,True
EH-350,True
EH-353,False
EH-355,True
EH-360,True
EH-370,True
EH-380,True
EH-390,True
EH-400,True
EH-403,True
EH-405,True
EH-410,True
EH-420,True
EH-430,True
EH-435,True
EH-440,True
EH-450,True
EH-452,True
EH-455,True
EH-460,True
EH-470,False
EH-475,True
EH-476,True
EH-477,True
EH-480,True
EH-490,True
EH-500,True
EH-510,True
EH-520,True
EN-010,True
EN-020,True
EN-030,True
EN-040,True
EN-050,True
ENCINAL BEACH NORTH,True
ENCINAL BEACH SOUTH,True
ESC-MLS,False
ESC-TWAS-1,False
FM-010,True
FM-020,True
FM-030,True
FM-040,True
FM-050,True
FM-060,True
FM-070,True
FM-080,True
FM-090,True
FM-100,True
Fitzgerald Marine (Moss Beach),True
Folsom,False
Francis State Beach,True
Freeport,False
Gazos Creek Access,True
HYPS16,True
IB-010,True
IB-020,True
IB-030,True
IB-040,True
IB-050,True
IB-060,True
IB-070,True
IB-080,True
J25c,False
J30d,False
KR00670,False
KR03850,False
KR04360,False
KR05910,False
KR06610,False
KR10080,False
KR12850,False
KR14320,False
KR17680,False
KR18980,False
KR19650,False
Keller Mid Beach,True
Keller North Beach,True
Keller South Beach,True
LAC-TWAS-1,False
LM-SID-1,False
LM-SID-2,False
LM-SID-3,False
LPC-MLS,False
LPC-TWAS-1,False
LPC-TWAS-2,False
Linda Mar Beach #5,True
Linda Mar Beach #6,True
MB-010,True
MB-015,True
MB-020,True
MB-030,True
MB-031,True
MB-040,True
MB-041,True
MB-042,True
MB-050,True
MB-051,True
MB-053,True
MB-058,True
MB-060,True
MB-061,True
MB-070,True
MB-071,True
MB-080,True
MB-085,True
MB-090,True
MB-091,True
MB-100,True
MB-101,True
MB-110,True
MB-111,True
MB-120,True
MB-130,True
MB-131,True
MB-132,True
MB-135,True
MB-140,True
MB-150,True
MB-151,True
MB-160,True
MB-161,True
MB-170,True
MB-173,False
MB-180,True
MB-190,True
MB-191,True
MB-192,False
MB-193,True
MB-200,True
MB-203,True
MB-205,True
MB-223,True
MB-225,True
MDP10,True
MDP11,True
MDP18,True
MDRH-2,True
ME-CC,False
ME-SCR,False
ME-VR2,False
MHH01,True
MHH07,False
MHH10,True
MHH14,True
MO-CAM,False
MO-MEI,False
MO-OJA,False
MO-VEN,False
MTRALDR,False
MTRBEAR00,False
MTRBEAR01,False
MTRBIGC,False
MTRBOCA01,False
MTRCOLD00,False
MTRDMCB,False
MTRDONN01,False
MTRDONN03,False
MTRGLEN00,False
MTRI80C,False
MTRINDE,False
MTRMART00,False
MTRMART01,False
MTRPROS01,False
MTRSILV,False
MTRTOWN,False
MTRTR01,False
MTRTROU00,False
MTRTROU01,False
MTRTROU02,False
MTRWASH00,False
Montara State Beach,True
N0,True
Nimbus,False
O010,True
O060,True
O080,True
O099,True
O110,True
O140,True
O170,True
O235,True
O240,True
O320,True
O340,True
O370,True
O380,True
O410,True
O440,True
O450,True
O460,True
O488,True
O490,True
O494,True
O510,True
O520,True
O530,True
O560,True
O580,True
O590,True
OC-010,True
OC-020,True
OC-022,True
OC-030,True
OC-035,True
OC-040,True
OC-050,True
OC-080,True
OC-090,True
OC-100,True
OC-110,True
OC-SID-1,False
ODB02,True
ODB05,True
OLB00,True
OLB05,True
OLB10,True
ONB31,True
ONB35,True
ONB39,True
ONB43,True
ONB45,True
OSB01,True
OSB02,False
OSB03,True
OSB04,False
OSB05,True
OSC01,True
OSL25,True
OSUB1,True
P20f,False
PL-010,True
PL-040,True
PL-050,True
PL-060,True
PL-070,True
PL-080,True
PL-090,True
PL-100,True
PL-110,True
PL-120,True
Pescadero State Beach,True
Pillar Point #7,True
Pomponio State Beach,True
River Mile 44,False
Rockaway Beach,True
Roosevelt State Beach,True
S-0,True
S-1,True
S-11,True
S-13,True
S-15,True
S-17,True
S-19,True
S-2,True
S-21,True
S-23,True
S-3,True
S-4,True
S-5,True
S-6,True
S-7,True
S-9,True
S1,True
S10,True
S11,True
S12,True
S13,True
S14,True
S15,True
S16,True
S2,True
S3,True
S4,True
S5,True
S6,True
S7,True
S8,True
S8.5,True
S9,True
SA00101,False
SAR-N,True
SAR-S,True
SC-010,True
SC-020,False
SC00150,False
SDC-MLS,False
SDC-TWAS-1,False
SDC-TWAS-2,False
SDR-MLS,False
SE-010,True
SE-020,True
SE-030,True
SE-040,True
SE-050,True
SE-060,True
SE-070,True
SH00050,False
SJRI_01,False
SJRI_04,False
SJRI_05,False
SJRI_07,False
SJRI_09,False
SLR-MLS,False
SLR-TWAS-1,False
SMB-1-18,True
SMB-2-10,True
SMB-2-13,True
SMB-2-4,True
SMB-2-7,True
SMB-3-3,True
SMB-3-4,True
SMB-3-5,True
SMB-3-8,True
SMB-5-1,True
SMB-5-3,False
SMB-5-5,True
SMB-6-5,False
SMB-6-6,True
SMB-7-1,True
SMB-7-2,True
SMB-7-3,True
SMB-7-4,True
SMB-7-5,True
SMB-7-6,True
SMB-7-8,True
SMB-7-9,True
SMB-BC-1,True
SMB-MC-2,True
SMR-MLS,False
SR-MLS,False
San Gregorio State Beach,True
Sharp Park Beach #3,True
Sharp Park Beach #6,True
Surfers Beach,True
TC-MLS,False
TJ-020,False
TJ-030,False
TJR-MLS,False
TR00050,False
V40d,False
V45k,False
Venice Beach,True
Veterans,False
1000,True
10000,True
1001,True
1050,True
1100,False
11000,True
12000,True
13000,True
13001,True
14000,True
15000,True
16000,True
17000,True
18000,True
19000,True
2000,True
20000,True
201AUD020,False
201RDW010,True
201ROD035,True
202-ALPIN-11,False
202-BEARG-11,False
202-BUTAN-11,False
202-CALER-11,False
202-CALER-12,False
202-DEERC-12,False
202-DENNI-11,False
202-FRENC-11,True
202-GAZOS-11,True
202-GAZOS-15,False
202-LAHON-11,False
202-LOBIT-11,False
202-MARTI-11,False
202-MILLC-11,False
202-MONTA-12,False
202-PESCA-11,False
202-PILAR-11,False
202-POMPO-11,True
202-PURIS-11,False
202-SANGR-11,True
202-SANGR-12,False
202-SANGR-14,False
202-SANPE-11,False
202-SANPE-12,False
202-SANPE-13,True
202-SANVI-11,False
202-TUNIT-11,False
202-WHITE-12,False
203BAX030,False
203TEM050,False
204AMO080,False
204AMO090,False
204AMO095,False
204AVJ020,False
204AVJ130,False
204AVJ140,False
204ISL050,False
204LIO070_SWAMP,False
204LIO130,False
204LME130,False
204PRL020,False
204SAU060,False
21000,True
22000,True
23000,True
24000,True
25000,True
26000,True
27000,True
28000,False
29000,True
29500,False
3000,True
30000,True
304-APTOS-21,False
304-APTOS-22,False
304-APTOS-23,True
304-ARANA-21,False
304-ARANA-22,True
304-ARANA-23,False
304-ARROY-21,False
304-ARROY-22,False
304-ARROY-23,True
304-BRANC-21,False
304-BRANC-22,False
304-BRANC-23,False
304-BRANC-24,False
304-BRANC-25,False
304-CARBO-21,False
304-CORCO-21,False
304-CORCO-22,False
304-FERRA-21,False
304-GRANI-21,False
304-LAGUN-21,False
304-LIDEL-21,False
304-LITTL-21,False
304-MAJOR-21,False
304-MOLIN-21,False
304-MOORE-21,False
304-MOORE-22,False
304-MOORE-24,False
304-MOORE-25,False
304-MOORE-26,True
304-NEWYE-11,True
304-ROBSC-21,False
304-SANLO-21,False
304-SANLO-22,True
304-SANLO-26,False
304-SANLO-27,False
304-SANVI-21,False
304-SCOTT-21,False
304-SCOTT-22,False
304-SCOTT-23,True
304-SCOTT-24,False
304-SCOTT-25,True
304-SCSD-02,True
304-SCSD-03,False
304-SCSD-04,True
304-SOQUE-21,False
304-SOQUE-22,True
304-VALEN-21,False
304-VALEN-22,False
304-WADDE-21,False
304-WADDE-22,False
304-WILDE-21,False
304-WILDE-22,False
304-ZAYAN-21,False
304-ZAYAN-22,False
305-BEACH-21,True
305-CORRA-21,False
305-CORRA-22,False
305-HARKI-21,True
305-HARKI-22,True
305-HARKI-23,False
305-PAJAR-21,True
305-PASD-01,False
305-STRUV-21,True
305-STRUV-22,True
305-WATSO-21,False
305-WATSO-22,True
305-WATSO-23,True
305-WSTRU-21,True
306-CARNE-31,False
306-CARNE-32,False
306-CARNE-33,True
306-ELKHO-31,True
306-ELKHO-32,True
306-ELKHO-33,True
306-ELKHO-34,False
306-MOROC-31,True
306-MOROC-32,True
306-MOROC-33,True
307-CARME-33,False
307-CARME-35,False
307-CARME-36,False
307-CARME-37,False
307-CARME-38,False
307-CARME-39,True
307-CASD-01,False
307-CASD-02,True
307-CASD-03,True
307-CASD-04,True
307-GARZA-31,False
307-HATTO-31,False
308-BIGCR-31,False
308-BIGSU-31,False
308-BIGSU-32,False
308-DANIC-31,False
308-DOUD-31,False
308-GARRA-31,False
308-HOTSP-31,False
308-LIMEK-31,False
308-MALPA-31,True
308-MCWAY-31,False
308-MILLC-31,True
308-PALOC-31,False
308-PARTI-31,False
308-PLASK-31,False
308-PREWI-31,False
308-ROCKY-31,False
308-SANJO-31,True
308-SOBER-31,False
308-SYCAM-31,False
308-VICEN-31,False
308-WILDC-31,False
308-WILLO-31,False
309-ALISA-32,False
309-ASILO-31,False
309-ATASC-41,False
309-ATASC-42,False
309-CENTR-31,False
309-DOLPH-31,False
309-GABIL-31,False
309-GRAVE-41,False
309-LIBRA-31,False
309-MAJOR-31,False
309-MSD-03,True
309-MSD-04,True
309-MSD-05,True
309-NATIV-31,False
309-PASOR-41,False
309-PGSD-01,True
309-PGSD-03,False
309-PGSD-04,True
309-PGSD-06,False
309-PGSD-08,True
309-PGSD-09,True
309-PGSD-10,True
309-PGSD-11,True
309-PGSD-12,True
309-PGSD-13,True
309-RECDI-31,False
309-RINCO-41,False
309-SALIN-31,True
309-SALIN-32,False
309-SALIN-33,False
309-SALIN-44,False
309-SALIN-45,False
309-SALIN-47,False
309-SMARG-41,False
309-SRITA-32,False
309-SRITA-33,False
309-SRITA-34,False
309-SRITA-35,False
309-SSD-01,False
309-SSD-02,True
309-SSD-03,False
309-TEMBL-31,True
309-TEMBL-32,True
309-TEMBL-33,True
309-TROUT-41,False
309-UPPER-31,False
309-VETER-31,False
309-YERBA-41,False
310-ARROY-41,True
310-ARROY-42,True
310-CARPO-41,True
310-LAGUN-41,True
310-LITTL-41,True
310-PICOC-41,True
310-SANSI-41,True
310-SANTA-41,False
310-SANTA-42,False
310-SYB-41,True
310-UCF-41,False
31000,True
310CCC,False
310CER,False
310CLV,False
310CPN,False
310DAL,False
310DAM,False
310DAU,False
310PEN,False
310SBE,False
310SLU,False
310UCR,False
312SAL,False
317-ESTRE-43,False
32000,False
33000,False
34000,True
35000,False
36000,True
37000,True
37500,True
38000,True
39000,True
4000,True
40000,True
404SMB000,False
404SMB004,False
404SMB041,True
405LA4050,True
405LA4114,True
405LA4146,True
405LA4162,True
405LA4178,True
405LA4210,True
405LA4242,True
405LA4266,True
405LA4306,True
405LA4338,True
405LA4354,True
405LA4370,True
405LA4400,True
405LA4408,True
405LA4464,True
405LA4472,True
405LA4488,True
405LA4504,True
405LA4616,True
405LA4632,True
405LA4656,True
405LA4784,True
405LA4792,True
41000,True
42000,True
43000,True
44000,True
45000,True
46000,True
47000,True
48000,True
49000,True
5000,True
50000,True
504BCAWAB,False
504BCHROS,False
504BUT901,False
504ELD99W,False
504GLE001,False
504MILH99,False
504SACHMN,False
504SACRBF,False
504TEH900,False
504TEH901,False
504TEH902,False
504TEH903,False
504TEH905,False
504TEH906,False
504XSTYHY,False
506P00012,False
506SHA950,False
506SHA951,False
506SHA953,False
508BATJFR,False
508BERPRK,False
508CRNCCR,False
508SACBLF,False
508SACBND,False
508SHA900,False
508SHA901,False
508SHA902,False
508SHA903,False
508SHA904,False
508SHA905,False
508STLDER,False
508TEH904,False
508TEH907,False
510SACHOD,False
510TDNLHT,False
511CAC113,False
511XCCCPY,False
511XTCHWY,False
511XWLSBP,False
511XZDDIX,False
514AMR800,False
514AMR801,False
514AMR802,False
514AMR803,False
514AMR804,False
514AMR805,False
514AMR806,False
514AMR807,False
514AMR808,False
514ELD006,False
514SAC009,False
514SAC010,False
514SAC011,False
514SAC012,False
515HONH70,False
515SUT004,False
515SUT005,False
515YUB001,False
516NEV900,False
516NEV901,False
516NEV902,False
516NEV903,False
516NEV905,False
516NEV906,False
516NEV907,False
516NEV908,False
516NEV910,False
518INABSP,False
518PLU900,False
518PLU901,False
518SUT001,False
518XINDAB,False
518XMFFGR,False
518XSPNGR,False
519AMNDVY,False
519FTRVRA,False
519LSAC52,False
519SACVER,False
519SUT002,False
520BUT900,False
520BUT902,False
520BUTEMR,False
520CBDKLD,False
520CBDKLU,False
520KRCN16,False
520SACLSA,False
520SUT003,False
520XBTTSL,False
520XWADCN,False
525SHA952,False
526P00012,False
526P00013,False
526P00014,False
526T00013,False
526T00034,False
526T00035,False
526T0034B,False
526T0034C,False
526T0034D,False
531CAL005,False
531PLA900,False
531PLA901,False
531PLA902,False
531PLA903,False
531PLA904,False
531SAC001,False
531SAC003,False
531SAC900,False
531SJC201,False
531SJC213,False
531SJC503,False
531SJC504,False
531SJC507,False
531SJC512,False
531SJC513,False
531SJC515,False
531STC212,False
532AMA001,False
532AMA002,False
532AMA003,False
532AMA005,False
532CAL004,False
532CAL009,False
532ELD001,False
532ELD002,False
532ELD003,False
532ELD004,False
533CAL001,False
533CAL002,False
533CAL003,False
533CAL006,False
533CAL007,False
533CAL008,False
533CAL900,False
533CAL901,False
534CAL201,False
534TUO201,False
535MER007,False
535MER201,False
535MER202,False
535MER203,False
535MER209,False
535MER210,False
535MER546,False
535MER576,False
535MER577,False
535SJC001,False
535STC201,False
535STC202,False
535STC203,False
535STC204,False
535STC205,False
535STC206,False
535STC207,False
535STC208,False
535STC210,False
535STC211,False
535STC214,False
535STC215,False
535STC216,False
535STC501,False
535STC504,False
535STC513,False
535STC514,False
536TUO202,False
536TUO204,False
536TUO205,False
536TUO207,False
536TUO208,False
536TUO209,False
536TUO900,False
537MAR201,False
537MAR202,False
537MAR203,False
537MAR900,False
539HEL010,False
539HEL020,False
539HEL030,False
539HEL035,False
541MER516,False
541MER535,False
541MER536,False
541MER538,False
541MER542,False
541SJC501,False
541STC030,False
541STC507,False
541STC510,False
541STC512,False
541STC515,False
541STC516,False
541STC517,False
541STC518,False
541STC520,False
541STC521,False
541STC522,False
541STC524,False
541STC528,False
541STC529,False
541STC531,False
541STC532,False
542STC525,False
542STC526,False
542STC527,False
544SAC002,False
544SJC001,False
544SJC002,False
544SJC505,False
544SJC506,False
544SJC508,False
544SJC509,False
544SJC516,False
544SJC517,False
545FRE502,False
545FRE503,False
545FRE504,False
545MAD008,False
552KIN900,False
552KIN901,False
552KIN902,False
552KIN903,False
554SKR010,False
558CCR020,False
558CCR030,False
558DCR208,False
558OTC010,False
558PKC010,False
558TRAMCC,False
558TRAWCD,False
558WRR208,False
6000,True
7000,True
728SSDNW1,True
728SSGS10,True
8000,True
9000,True
AB8,True
AB9,True
Albion River,True
Anchor Bay,True
Aquatic Park,True
Arena Cove,True
B-10,True
B-14,True
B-22,True
B-24,True
B-25,True
B-26,True
B-29,True
B-3,True
B-31,True
B-5,True
B-56,True
B-6,True
B-62,True
B-63,True
B-64,True
B-65,True
B-66,True
B-67,True
B-69,True
B-70,True
B-8,True
B03_B03W025,True
B03_B03W026,True
B03_B03W027,True
B03_B03W028,True
B03_B03W029,True
B03_B03W030,True
B03_B03W031,True
B03_B03W032,True
B03_B03W033,True
B03_B03W034,True
B03_B03W035,True
B03_B03W036,True
B03_B03W037,True
B03_B03W038,True
B03_B03W039,True
B03_B03W040,True
B03_B03W041,True
B03_B03W042,True
B03_B03W043,True
B03_B03W044,True
B03_B03W045,True
B03_B03W046,True
B03_B03W047,True
B03_B03W048,True
B03_B03W049,True
B03_B03W050,True
B03_B03W051,True
B03_B03W052,True
B03_B03W053,True
B03_B03W054,True
B03_B03W055,True
B03_B03W056,True
B03_B03W057,True
B03_B03W058,True
B03_B03W059,True
B03_B03W060,True
B03_B03W061,True
B03_B03W062,True
B03_B03W063,True
B03_B03W064,True
B03_B03W065,True
B03_B03W066,True
B03_B03W067,True
B03_B03W068,True
B03_B03W069,True
B03_B03W070,True
B03_B03W071,True
B03_B03W072,True
B03_B03W073,True
B03_B03W074,True
B03_B03W075,True
B03_B03W076,True
B03_B03W077,True
B03_B03W078,True
B03_B03W079,True
B03_B03W080,True
B03_B03W081,True
B03_B03W082,True
B03_B03W083,True
B03_B03W084,True
B03_B03W085,True
B03_B03W086,True
B03_B03W087,True
B03_B03W088,True
B03_B03W089,True
B03_B03W090,True
B03_B03W091,True
B03_B03W092,True
B03_B03W093,True
B03_B03W094,True
B03_B03W095,True
B03_B03W096,True
B03_B03W097,True
B03_B03W098,True
B03_B03W099,True
B03_B03W100,True
B03_B03W101,True
B03_B03W102,True
B03_B03W154,True
B03_B03W155,True
B03_B03W156,True
B03_B03W157,True
B03_B03W158,True
B03_B03W159,True
B03_B03W160,True
B03_B03W161,True
B03_B03W162,True
B03_B03W163,True
B03_B03W164,True
B03_B03W165,True
B03_B03W173,True
B03_B03W174,True
B03_B03W175,True
B03_B03W176,True
B03_B03W177,True
B03_B03W178,True
B03_B03W179,True
B03_B03W180,True
B03_B03W181,True
B03_B03W182,True
B03_B03W183,True
B03_B03W184,True
B03_B03W185,True
B03_B03W186,True
B03_B03W187,True
B03_B03W188,True
B03_B03W189,True
B03_B03W190,True
B03_B03W191,True
B03_BC MAR,True
B03_BC225L,True
B03_BC225R,True
B03_BC25L,True
B03_BC25R,True
B03_BC75L,True
B03_BC75R,True
B03_BCCENT,True
B03_BCPAC,True
B03_BCS225LO,True
B03_BCS225RO,True
B03_BCS25LO,True
B03_BCS25RO,True
B03_BCS75LO,True
B03_BCS75RO,True
B03_B_TM,True
B03_DC1,True
B03_LB0,True
B03_LB0O,True
B03_LB225R,True
B03_LB225RO,True
B03_LB25R,True
B03_LB25RO,True
B03_LB450R,True
B03_LB450RO,True
B03_LB75R,True
B03_LB75RO,True
B03_MC0,True
B03_MC0L,True
B03_MCN225L,True
B03_MCN25L,True
B03_MCN75L,True
B03_MCS0L,True
B03_MCS225,True
B03_MCS225L,True
B03_MCS25,True
B03_MCS25L,True
B03_MCS75L,True
B03_MCSN225,True
B03_MCSN225L,True
B03_MCSN25,True
B03_MCSN25L,True
B03_MCSN75,True
B03_MCSN75L,True
B03_MCSS225,True
B03_MCSS225L,True
B03_MCSS25,True
B03_MCSS25L,True
B03_MCSS75,True
B03_MCSS75L,True
B03_SAR 0,True
B03_SAR 0 OFF,True
B03_SAR 225 L,True
B03_SAR 225 L OFF,True
B03_SAR 225 R,True
B03_SAR 225 R OFF,True
B03_SAR 25 L,True
B03_SAR 25 L OFF,True
B03_SAR 25 R,True
B03_SAR 25 R OFF,True
B03_SAR 450 L,True
B03_SAR 450 L OFF,True
B03_SAR 75 L,True
B03_SAR 75 L OFF,True
B03_SAR 75 R,True
B03_SAR 75 R OFF,True
B03_SGAB 0,True
B03_SGAB 0 OFF,True
B03_SGAB 225 L,True
B03_SGAB 225 L OFF,True
B03_SGAB 25 L,True
B03_SGAB 25 L OFF,True
B03_SGAB 450 L,True
B03_SGAB 450 L OFF,True
B03_SGAB 75 L,True
B03_SGAB 75 L OFF,True
B03_TM 0,True
B03_TM 0 OFF,True
B03_TM 225 L,True
B03_TM 225 L OFF,True
B03_TM 225 R,True
B03_TM 225 R OFF,True
B03_TM 25 L,True
B03_TM 25 L OFF,True
B03_TM 25 R,True
B03_TM 25 R OFF,True
B03_TM 450 R,True
B03_TM 450 R OFF,True
B03_TM 75 L,True
B03_TM 75 L OFF,True
B03_TM 75 R,True
B03_TM 75 R OFF,True
BAKER NE,True
BAKER NW,True
BAKER SW,True
BAY#202.2_SL,True
BAY#202.4_SL,True
BAY#202.5_SL,True
BAY#210.1_SL,True
BAY#211_SL,True
BAY#300.1_SL,True
BAY#301.1_SL,True
BAY#301.2_SL,True
BOLINAS,True
BTQ-010,False
BTQ-020,False
BVC-010,True
BVC-020,False
BVC-030,False
Big River,True
Black Point,True
CAY13,True
CAY14,True
CAY15,True
CBOA,True
CHICKEN RANCH,True
CHINA CAMP,True
Campbell Cove,True
Caspar Headlands,True
Chadbourne Gulch,True
Clam Beach Co. Park,True
Coyote Point County Park,True
DHS002,True
DHS003,True
DHS005,True
DHS006,True
DHS007,False
DHS008,True
DHS102,True
DHS103,True
DHS104,True
DHS105,True
DHS106,True
DHS107,True
DHS108,False
DHS109,True
DHS110,True
DHS111,True
DHS112,True
DHS114,True
DHS115,True
DHS116,True
DHS117,True
DHS118,True
DHS119,True
DHS120,True
DILLON,True
DMB,True
DRAKES BEACH,True
DRAKES ESTERO,True
Doran Park,True
Dunes State Beach,True
EDC-010,False
EDC-020,False
EDC-030,False
EDC-040,False
EDC-050,False
EF-HANG,False
EH-150,True
GARP,False
GOLDEN HINDE,False
GVWAT1,True
GVWAT2,False
GVWAT3,False
GVWBL1,True
GVWBL2,False
GVWCG1,False
GVWDV21,False
GVWDV22,False
GVWDV24,False
GVWDV25,False
GVWGA1,False
GVWGA2,False
GVWGS1,True
GVWLC1,True
GVWLC2,False
GVWLV1,False
GVWMY1,False
GVWMY2,False
GVWSJ1,False
GVWSJ2,False
GVWSP1,False
GVWSP3,False
GVWTC1,True
GVWTC2,False
Glass Beach,True
Goat Rock,True
Greenwood,True
Gualala,True
Gualala River,True
HAZ10,True
HEARTS DESIRE,True
HSB24,True
HSB25,True
HSC-GHS,False
Hare Creek,True
Irish Beach,True
J30d-2,False
J30d-3,False
J30d-4,False
J30d-5,False
J30d-6,False
J30d-7,False
J30d-8,False
Jug Handle,True
Kiteboard Beach,True
LAWSONS LANDING,True
LIMANTOUR,True
LOP,True
LPQ-010,True
LPQ-020,False
LPQ-030,False
Lakeshore Park Rec Center,True
Luffenholtz Creek,True
MB11,True
MB12,True
MB13,True
MB14,True
MBCH,True
MBH,True
MILLER PARK,True
MILLERTON POINT,True
MSB,True
MSL,True
MUIR BEACH - CENTRAL,True
MUIR BEACH - NORTH,True
MUIR BEACH - SOUTH,True
MVC-LIB,False
MacKerricher,True
Manchester Beach,True
McNEARS BEACH,True
Mill Creek/Trinidad,True
Moonstone Beach,True
Navarro,True
North Mad River Mouth,True
Noyo River,True
O478,True
O493 ,True
OCB10,True
OCB11,True
OCB12,True
OCB13,True
OCEAN#15EAST_SL,True
OCEAN#15_SL,True
OCEAN#16_SL,True
OCEAN#17_SL,True
OCEAN#18_SL,True
OCEAN#19_SL,True
OCEAN#20_SL,True
OCEAN#21.1_SL,True
OCEAN#21_SL,True
OCEAN#22_SL,True
OLDE11,True
OLDE12,True
OTY-010,False
OTY-020,False
OTY-030,True
Old Home Beach,True
Oyster Point Marina,True
PARADISE COVE,True
PB3,True
PB4,True
PB5,True
PBL-010,True
PBL-020,False
PBL-030,True
PFB,True
PICO23,True
Pillar Point #8,True
Pudding Creek,True
QVIR_CHTH,False
QVIR_MICR,False
QVIR_SF05,False
QVIR_SHFL,False
QVIR_SNCR,False
QVIR_SREF,False
QVIR_SRES,False
QVIR_SRGA,False
QVIR_SRJB,False
RLC-BLRD,False
RODEO BEACH - CENTRAL,True
RODEO BEACH - NORTH,True
RODEO BEACH - SOUTH,True
RSC-010,False
RSC-020,False
RSC-030,False
RSC-040,False
Russian Gulch,True
SCB,True
SCHOONMAKER BEACH,True
SDA,True
SDG-010,False
SDG-020,False
SEL-010,True
SEL-020,True
SEL-030,True
SEW7,True
SGT-010,False
SGT-020,False
SGT-030,False
SHELL BEACH,True
SLR-010,True
SLR-020,False
SLR-030,False
SLR-040,False
SLR-050,False
SLR-060,False
SLR-070,False
SLR-080,False
SLR-090,False
SPB,True
SPY6,True
SSB,True
STCO,True
STINSON BEACH - CENTRAL,True
STINSON BEACH - NORTH,True
STINSON BEACH - SOUTH,True
SVC-HWY4,False
SWT-010,False
SWT-020,False
SWT-030,False
Salmon Creek,True
Schooner Gulch,True
Stillwater,True
Ten Mile,True
VRW000,True
VRW001,True
VRW002,False
VRW003,False
VRW004,False
VRW005,False
VRW006,False
VRW007,False
VRW008,False
VRW009,False
VRW010,False
VRW011,False
VRW012,False
VRW013,False
VRW014,False
VRW015,False
VRW017,False
VRW03.5,False
VRW06.3,False
VRW07A,False
VRW12.9,False
VVS,True
Van Damme,True
Virgin Creek,True
WF-PKT,False
WF-PNSV,False
WF-WDFD,False
WP0000004,True
WP0000007,True
WP0000012,True
WP0000013,True
WP0000018,True
WP0000023,True
WP0000037,True
WP0000072,True
WP0000079,True
WP0000080,True
WP0000081,True
WP0000083,False
WP0000084,True
WP0000085,True
WP0000123,True
WP0000134,True
WP0000147,True
WP0000180,True
WP0000183,True
WP0000186,True
WP0000188,True
Wages Creek,True
Westport/Union Landing,True
310BAY,True
310CIN,True
310COL,True
310PAS,True
310SIN,True
310SPM,True
310SYB,False
310TID,True
310WIN,True
504XSRNHC,False
508XCCKNR,False
508XCOYTR,False
511XDCGLT,False
512XCCULB,False
513XMGSLU,False
514XCOONH,False
516NEV904,False
518ICDFIV,False
518XCCSTR,False
518XMFFRA,False
519FRNNIC,False
520GLSZR2,False
520XCBDKL,False
520XCODMR,False
520XGILSL,False
520XLGNCR,False
520XLRLNC,False
520XRARPP,False
520XSCCMR,False
520XSSLNK,False
520XWLKRC,False
520XXCS30,False
527LLCLC1,False
527LWCWC1,False
527MLCLC3,False
527ULCLC2,False
531BCANAR,False
531UDLTAJ,False
531XCRABI,False
531XDCAHF,False
531XLAGAM,False
531XLCAJR,False
531XLTCJR,False
531XMRABR,False
531XMRAFH,False
532BGINCR,False
535BRCAYR,False
535DMCAHF,False
535LTHNKR,False
535SRDSAW,False
535XARDCL,False
535XBCAKR,False
535XDCAGR,False
535XDCAWR,False
535XDSAGR,False
535XDSAHN,False
535XHCALR,False
535XHCHNN,False
535XHDACA,False
535XHDATR,False
535XHLAHO,False
535XJDAOR,False
535XLDARA,False
535XLTABR,False
535XMCAEA,False
535XMCARR,False
535XMDALR,False
535XMDDLP,False
535XMRSFD,False
535XPFDCL,False
535XSDAMD,False
535XSSAQR,False
535XWDAVR,False
536TUO210,False
536TUO212,False
541STC530,False
541WWDPC5,False
541WWDPCB,False
541XRADSL,False
541XSCOAV,False
541XSJWSP,False
541XWWARP,False
544DAWRXX,False
544MSAJTR,False
544RIDAHR,False
544RIDAHT,False
544SCAHFB,False
544WSAWAV,False
544XGLCAA,False
544XGLCCR,False
544XKCAHL,False
544XKCHWF,False
544XMCABA,False
544XMCACA,False
544XPSAHT,False
544XTTGLR,False
544XTTGUR,False
544XTTHWT,False
544XXSWTD,False
545XASAAT,False
545XBSAAE,False
545XCCART,False
545XDCARE,False
545XLWSMA,False
551WWDAP5,False
551WWDAPG,False
QVIR_SF08,False
QVIR_SF09,False
QVIR_SF16,False
510XSRFPT,False
510XSRR44,False
519XARDPK,False
B03_BC 0M,True
B03_BC 5280U,True
B03_BCS 225L,True
B03_BCS 225R,True
B03_BCS 530L,True
B03_BCS 530R,True
B03_BCS 700L,True
B03_BCS 75L,True
B03_BCS 75R,True
B03_BCSH 225L,True
B03_BCSH 225R,True
B03_BCSH 500L,True
B03_BCSH 500R,True
B03_BCSH 530L,True
B03_BCSH 530R,True
B03_BCSH 700L,True
B03_BCSH 75L,True
B03_BCSH 75R,True
B03_SEL 300RSL,True
10-300,False
107PRB001,True
11-100,False
11-332,False
11-335,False
11-336,False
11-337,False
11-338,False
11-340,False
11-341,False
11-343,False
11-344,False
11-346,False
11-350,False
11-351,False
11-352,False
11-353,False
11-357,False
11-358,False
11-359,False
11-360,False
111MLB001,True
113MR1171,True
113ST0986,False
12-254,True
12-255,False
12-257,False
12-258,False
12-329,False
12-330,False
12-335,False
12-336,False
12-356,False
12-361,False
1793_Franklin_CB,False
201LAG005,True
201LAG030,False
201LAG038,False
201LAG045,False
201LAG048,False
201LAG050,False
201LAG063,False
201LAG068,False
201LAG078,False
201LAG080,False
201LAG085,False
201LAG085_SWAMP,False
201LAG105,False
201LAG110,False
201LAG117,False
201LAG122,True
201LAG130,False
201LAG130_SWAMP,False
201LAG195,False
201LAG243,False
201TBF001,False
201TBF002,False
201TBF003,True
201TBF004,True
201TBF005,True
201TMB200,True
201TMB400,True
201TMB600,True
201WLK011,True
201WLK030,False
201WLK030_SWAMP,False
201WLK130,False
201WLK161,False
201WLK163,False
201WTG010,True
202MBY010-REF,False
202PIL015,True
203CAR010-DIS-36,True
203CAR010-REC,True
203CAR020-DIS-18,True
203CAR030-DIS-18,True
203CAR040-DIS-18,False
203CAR050-DIS-18,True
203CAR060-DIS-18,True
203CAR070-DIS-18,True
203CAR080-DIS-18,True
203CAR090-DIS-18,True
203CAR100-DIS-18,True
203LOB010-REF,True
203LOB020-REF,True
203LOB030-REF,False
203MON010-DIS-36,True
203MON010-REC,True
203PAC010-DIS-18,True
203PAC010-DIS-36,True
203PAC010-REC,True
203PAC020-DIS-18,True
203PAC030-DIS-18,True
203PAC040-DIS-36,True
203PAC040-REC,True
203PAC050-DIS-36,True
203PAC060-DIS-18,True
203PAC070-DIS-18,True
203PAC080-DIS-36,True
203PAC080-REC,True
203PAC090-DIS-18,True
203PAC100-DIS-18,True
203PEB010-DIS-18,True
203PEB010-DIS-36,True
203PEB010-REC,True
203PEB020-DIS-18,True
203PEB030-DIS-18,True
203PEB040-DIS-36,True
203RSB520,True
203RSB540,True
203RSB560,True
203RSB580,True
203RSB600,True
203RSB620,True
203RSB640,True
203RSB660,True
203RSB680,True
203RSB700,True
203RSB740,True
203RSB760,True
203RSB780,True
203RSB800,True
203RSB820,True
203RSB850,True
203RSB870,True
203SAN010-REF,True
204ANO010-REF,True
204AOA250,False
204AVJ080,False
204BEL160,False
204CVY020,False
204CVY080,False
204CVY084,False
204CVY090,False
204CVY120,False
204CVY125,False
204CVY140,False
204CVY150,False
204CVY170,False
204LAU230,False
204LIO050,False
204LIO070,False
204R00388,False
204SAU090,False
204SMA081,False
204SMA100,False
204SMA110,False
204SMA120,False
204TEM100,False
205COY330,False
205GUA225,False
205LGA400,False
205MAT030,False
205SAN010-DIS-18,True
205SAN020-DIS-18,True
205SAN030-DIS-36,True
205SAN030-REC,True
205SAN040-DIS-18,True
205SAN050-DIS-18,True
205SAR005,False
205STE064,False
205STE065,False
205STE071,False
205UPE210,False
206PET007,True
206PET010,False
206PET060,False
206PET070,False
206PET090,False
206PET098,True
206PET130,False
206PET205,True
206PET215,False
206PET220,False
206PET260,True
206PET316,False
206PET350,False
206PET355,False
206PET394,False
206R00551,False
206R01024,False
206R01319,False
206SAN010-REF,True
207BRS010,False
207LED020,True
207R00843,False
207R00891,False
207R01163,False
207R01271,False
207R05524,False
207SSL010,True
207UAV030,False
207WAL035,False
207WAL040,False
207WAL045,False
207WAL055,False
207WAL070,False
222Bristol,False
2245Glassell,False
2245South,False
2301Glassell,False
2500,True
3-217,False
3-397,False
3-399,False
3-401,False
3-406,False
3-409,False
3-410,False
302MBY010-REF,True
303BIG010-REF,True
303BIG020-REF,True
303BIG030-REF,True
304GZR,False
304SVC,False
308BGC008,True
308BGCB01,True
308BSR024,True
308BSRB01,True
308GAR015,True
308GARB01,True
309-SRITA-36,False
309NAD,False
309SANTBE,False
309SANTMA,False
309SDD,False
309SUD,False
309U07,False
309U19,False
309U32,False
309U52,False
309UCO,False
310ADU,False
310B03,True
310B58,True
310B5A,True
310B5B,True
310B5C,True
310B64,True
310B65,True
310B70,True
310B71,True
310B75,True
310B79,True
310GS1,True
310LAGDOC,False
310LPZMAL,False
310LPZRDK,False
310SLOBCH,True
310TCC,False
312JMYBRA,False
312OFL1,False
312SBS,False
312TEP,False
314CACHLK,False
314ZCALK2,False
315SJH,False
317CHO2,False
4-341,True
4-342,True
4-343,True
4-344,True
4-345,False
4-346,True
4-348,True
4-349,False
4-350,False
4-351,False
4-352,False
4-353,False
4-428,False
4-429,False
402MAR010-DIS-36,True
402MAR010-REC,True
43LBR01,False
43LBR02,False
43LFL01,False
43LFL02,False
49500,True
5-303,True
5-304,False
5-305,True
516NEV103,False
516NEV105,False
516NEV109,False
517NEV101,False
517NEV102,False
517NEV103,False
517NEV104,False
517NEV107,False
519AMNSAC,False
519LSAC53,False
519SAC104,False
519SAC106,False
531SJC012,False
531SJC013,False
531SJC214,False
531SJC215,False
531SJC532,False
531SJC533,False
535BT001,False
535BT002,False
535BT003,False
535LSC001,False
535SJC002,False
535SJC003,False
535SJC004,False
535SJC007,False
535SJC010,False
535SJC011,False
535STR008,False
535TUO001C,False
535TUO003,False
551EWPH41,False
551GCARBA,False
551KIN060,False
551KIN065,False
551KRACRW,False
551KRASTW,False
551KRBAVO,False
551THBSPC,False
552FRE510,False
552FRE511,False
552FRE515,False
552FRE516,False
555TRA190,False
557CHCPLR,False
557ELPCRK,False
558CAMCC1,False
558CAMCC2,False
558CRKYOK,False
558DCR248,False
558FDSPFD,False
558LEWCLC,False
558MDC7SR,False
558MDCBWD,False
558MDCFST,False
558PSCH65,False
558PSCZKR,False
558PSR208,False
558WATWPD,False
558WTCMWS,False
601LVCB01,False
601LVCB02,False
603ARTB01,False
603ARTB05,False
603ARTB06,False
603BSP002,False
603BSP003,False
603BSP004,False
603BSP005,False
603BSP006,False
603BSP008,False
603BSP010,False
603BSP011,False
603BSP021,False
603BSP111,False
603BSPB20,False
603BSPB22,False
603BSPB23,False
603BSPB50,False
603BSPB55,False
603BSPB60,False
603BSPB65,False
603CTNB01,False
603CTNB02,False
603CTNB03,False
603HIL003,False
603HMCB01,False
603HMCB02,False
603LCCB01,False
603LOW011,False
603MAM003,False
603RCKB10,False
603RCKB15,False
603RCKB17,False
603RVCB01,False
603WGTB01,False
605CRKB01,False
605CRKB02,False
605CRKB03,False
628DEP001,False
628GVCB010,False
628HOL001,False
628LDCB002,False
628WFMB020,False
630BUCB01,False
630BUCB02,False
630EAGB01,False
630EWK006,False
630SWA005,False
630SWA006,False
630VIR004,False
630VIR005,False
630VIRB01,False
631HOT001,False
631LWK004,False
631LWKB01,False
631LWKB02,False
631MIL002,False
631MIL005,False
631MIL008,False
631SDCB01,False
631SDCB02,False
631TPLB01,False
631TPLB02,False
631TPLB03,False
631TPLB04,False
631TPLB05,False
631WWK010,False
631WWKB01,False
632DTCB01,False
632ECRB10,False
632ECRB20,False
632ECRB30,False
632ECRB40,False
632HSPB05,False
632HSPB06,False
632MLBB01,False
632MLBB02,False
632MLBB03,False
632MLBB04,False
632MLBB05,False
632MLBB06,False
632MRKB02,False
632MRKB03,False
632MRKB04,False
632PLVB04,False
632PS0046,False
632SVRB10,False
632SVRB40,False
632WLFB01,False
632WLFB10,False
632WLFB20,False
633WCR004,False
633WFCB02,False
633WFCB03,False
633WFCB04,False
633WFCB10,False
633WFCB20,False
633WFCB30,False
634BARB10,False
634BLKB05,False
634BLKB10,False
634BURB10,False
634CASB10,False
634CE0146,False
634DOLB10,False
634EAGB10,False
634GENB01,False
634GENB10,False
634GENB20,False
634GENB30,False
634GENB40,False
634GETB01,False
634GETB80,False
634GRFB01,False
634GRFB10,False
634GRFB40,False
634GRFB50,False
634GRFB60,False
634GRFB80,False
634HWCB10,False
634LONB10,False
634MADB10,False
634MKNB10,False
634MKNB20,False
634MKSB10,False
634PRDB10,False
634PS0099,False
634QUAB10,False
634RCNB10,False
634RCNB20,False
634RCSB10,False
634TALB10,False
634TAYB10,False
634TRTB10,False
634UTR009,False
634UTRB01,False
634UTRB10,False
634UTRB20,False
634UTRB30,False
634UTRB40,False
634UTRB50,False
634UTRB60,False
634UTRB70,False
634UTRB80,False
634WATB10,False
634WRDB01,False
634WRDB10,False
635BER001,False
635DONB01,False
635LTRB10,False
635SQLB01,False
635TRK002,False
635TRK099,False
635TRKB10,False
635TRKB20,False
635TRKB30,False
635TRKB40,False
635TRKB50,False
636LTRB20,False
636LTRB30,False
636LTRB60,False
636LTRB70,False
636LTRB90,False
637BRKB02,False
637EL11,True
637EL1A,True
637EL6B,True
637LNG001,False
637SUS004,False
637SUS011,False
637SUSB01,False
637SUSB03,False
637SUSB04,False
7-08,False
7-09,False
7-201,False
7-336,False
7-394,False
7-395,False
7-396,False
7-397,False
7-398,False
801AHG857,False
801CRN040 ,False
801MAG364,False
801NNR707,False
801TMS746,False
801TSC887,False
801UNV702,False
802HMT318,False
802NVO325,False
802PLJ752,False
802SNY316,False
8100,True
84CS_PCC_UP,False
902ADB848,False
902LMC778,False
902LTC777,False
902MS4021,False
902MS4034,False
902MS4144,False
902MS4192,False
902MS4243 ,False
902MS4245,False
902MS4263,False
902MS4289,False
902MS4309,False
902RW4020,False
902RW4022,False
902RW4033,False
902RW4035,False
902RW4143,False
902RW4145,False
902SND100,False
902USM828,False
903M20214,False
AA_Airport 1,True
AA_Outfall 12,True
ACJ01,False
ACM1,True
ACM1D,True
ACM1U,True
ACM1Z,True
ACM1d,True
ARJ01,False
AngC_Low,False
AngC_Up,False
B1-UCD-Tate,False
B10-UCD-Tate,False
B11-UCD-Tate,False
B13-UCD-Tate,False
B14-UCD-Tate,False
B15-UCD-Tate,False
B16-UCD-Tate,False
B17-UCD-Tate,False
B18-UCD-Tate,False
B2-UCD-Tate,False
B3-UCD-Tate,False
B4-UCD-Tate,False
B5-UCD-Tate,False
B6-UCD-Tate,False
B7-UCD-Tate,False
B8-UCD-Tate,False
B9-UCD-Tate,False
BAK.50,False
BASC,False
BC1-UCD-Tate,False
BC11-UCD-Tate,False
BC12-UCD-Tate,False
BC13-UCD-Tate,False
BC14-UCD-Tate,False
BC2-UCD-Tate,False
BC3-UCD-Tate,False
BC4-UCD-Tate,False
BC5-UCD-Tate,False
BC7-UCD-Tate,False
BC8-UCD-Tate,False
BC9-UCD-Tate,False
BCO1,True
BC_LRM,False
BC_MBM,False
BC_MBM_L,False
BFC#1,False
BFC#2,False
BFC#4,False
BGC,True
BGCD,True
BGCU,True
BIG.40,False
BIG.70,False
BIR.50,False
BIS.15,False
BIS.40,False
BIS.53,False
BIS.55,False
BIS.60,False
BIS.90,False
BLUBRDD,True
BLUBRDU,True
BLUBRDZ,True
BLUBRDd,True
BLUBRDu,True
BLUBRDz,True
BLULGND,True
BLULGNU,True
BLULGNZ,True
BLULGNd,True
BLULGNu,True
BLULGNz,True
BM1-UCD-Tate,False
BM10-UCD-Tate,False
BM11-UCD-Tate,False
BM12-UCD-Tate,False
BM2-UCD-Tate,False
BM3-UCD-Tate,False
BM4-UCD-Tate,False
BM5-UCD-Tate,False
BM6-UCD-Tate,False
BM7-UCD-Tate,False
BM8-UCD-Tate,False
BM9-UCD-Tate,False
BOUC_BOM,False
BUC.02,False
BUC.03,False
BUC.08,False
BULC_AV,False
BULMC,False
BV-N,False
BeanC,False
BioretentionOutflow1,False
BioretentionOutflow2,False
BouC_BoM_2,False
BrookhursProp84-EFL1,False
BrookhursProp84-INF2,False
BrookhursProp84-INF3,False
C1-SRC-D,False
C2-SRC-U,False
CA_16 C-61,False
CA_17 D-37,False
CA_19 C-1,False
CA_1D-21,False
CA_21 C-14,False
CA_27 D-17,False
CA_29 B-44,False
CA_29B-94,False
CA_35 C-11,False
CA_35 C-51A,False
CA_37 A-70,False
CA_42 C-92,False
CA_45 G-13,False
CA_48 D-24,False
CA_55 A-51,False
CA_55 A-62,False
CA_9 B-38,False
CA_9B-S216,True
CC-CR,False
CC-NF54,False
CC_BR,False
CHC1-UCD-Tate,False
CHC2-UCD-Tate,False
CL-3000-000,False
CLEOd,True
CLEOu,True
CLEOz,True
CON.10,False
CON.15,False
CON.20,False
CON.30,False
CON.40,False
COR_60,True
COR_BANDEL,False
COR_SITE5960,False
COTC_CM_U1,False
COTC_CM_U2,False
COTC_TM,False
CO_16,True
CO_2,False
CO_27,True
CO_33a,False
CO_35,False
CO_36,False
CO_3a,False
CO_59,False
CO_60,False
CR-1R,False
CR-39R,False
CR-41R,False
CR-46R,False
CSBBR1d,True
CSBMP1d,True
CSD-031,True
CTL(1),True
CTPJ01,False
CT_CAR01,False
CT_CAR05,False
CT_CAR13,False
CT_CAR14,False
CT_HST01,False
CT_MS4-CAR-007,False
CT_MS4-CAR-015,False
CT_MS4-CAR-059,False
CT_MS4-CAR-069,False
CT_MS4-CAR-070,False
CT_MS4-CAR-072,False
CT_MS4-CAR001,False
CT_MS4-SDB001,False
CT_MS4-SDG-072,False
CT_MS4-SDG-074,False
CT_MS4-SDG-077,False
CT_MS4-SDG-080,False
CT_MS4-SDG-115,False
CT_MS4-SDG001,False
CT_MS4-SDR-036,False
CT_MS4-SDR-064,False
CT_MS4-SDR-098,False
CT_MS4-SDR-127,False
CT_MS4-SDR-151,False
CT_MS4-SDR-203A,False
CT_MS4-SDR-204A,False
CT_MS4-SDR-207,False
CT_MS4-SDR-223,False
CT_MS4-SDR-270,False
CT_MS4-SDR001,False
CT_MS4-SLR-041,False
CT_MS4-SLR-095,False
CT_MS4-SLR-150,False
CT_MS4-SLR-152,False
CT_MS4-SLR-154,False
CT_MS4-SLR-155,False
CT_MS4-SLR-156,False
CT_MS4-SLR-160,False
CT_MS4-SLR-161,False
CT_MS4-SLR002,False
CT_MS4-SLR003,False
CT_MS4-SMG-015,False
CT_MS4-SMG-021,False
CT_MS4-SMG-024,False
CT_MS4-SMG-057,False
CT_MS4-SMG-062,False
CT_MS4-SMG-063,False
CT_MS4-SMG-095,False
CT_MS4-SMG001,False
CT_MS4-SMG002,False
CT_MS4-SWT-019,False
CT_MS4-SWT-023,False
CT_MS4-SWT-030,False
CT_MS4-SWT-055,False
CT_MS4-SWT-068,False
CT_MS4-SWT-233,False
CT_MS4-SWT-235,False
CT_MS4-SWT-238,False
CT_MS4-TIJ-003,False
CT_MS4-TIJ001,False
CT_MS4-TIJ002,False
CT_SDG08,False
CT_SDG09,False
CT_SDG12,False
CT_SDR-041,False
CT_SDR-1024,False
CT_SDR-740,False
CT_SDR-751,False
CT_SDR-754,False
CT_SDR-768,False
CT_SDR-772,False
CT_SDR-774A,False
CT_SDR-780,False
CT_SDR-782,False
CT_SDR-975,False
CT_SDR-ST-001,False
CT_SDR-ST-002,False
CT_SDR-ST-003,False
CT_SDR-ST-004,False
CT_SDR-ST-005,False
CT_SDR-ST-006,False
CT_SDR-ST-007,False
CT_SDR-ST-008,False
CT_SDR-ST-009,False
CT_SDR-ST-DS,False
CT_SDR01,False
CT_SDR02,False
CT_SDR05,False
CT_SDR08,False
CT_SDR1031,False
CT_SDR13,False
CT_SDR15,False
CT_SDR34,False
CT_SDR723,False
CT_SLR01,False
CT_SLR02,False
CT_SLR04,False
CT_SLR05,False
CT_SLR06,False
CT_SLR115,False
CT_SLR12,False
CT_SLR14,False
CT_SLR15,False
CT_SLR16,False
CT_SLR17,False
CT_SLR27,False
CT_SLR28,False
CT_SLR30,False
CT_SLR30A,False
CT_SLR51_MST,False
CT_SMG07,False
CT_SWT02,False
CT_SWT08,False
CT_SWT11,False
CT_SWT18,False
CT_SWT21,False
CT_SWT23,False
CT_TIJ04,False
CVY020,False
CVY080,False
CVY120,False
CVY140,False
CVY150,False
CV_C-5,False
CV_JUD-01,False
CV_JUD-02,False
CV_LC-6,False
CV_ORW-9,False
CV_PC-13,False
CV_PC-18,False
CV_PC-28,False
CV_POG-02,False
CV_PRD-02,False
CV_RCC-01,False
CV_RCC-02,False
CV_RCC-03,False
CV_RH-1,False
CV_SC-17,False
CV_SC-19,False
CV_SC-2,False
CV_SCR-01,False
CV_SR-7,False
CV_SS-10,False
CV_SS-2,False
CV_SS-3,False
CV_SS-3-1,False
CV_SS-3-1-B,False
CV_SS-5,False
CV_SVS-01,False
CV_TC-11,False
CV_TC-12,False
CV_TCC-04,False
CaCr,False
Cowell,True
Cowell-B,True
Cowell-BC,True
Cowell-C,True
Cowell-CW,True
Crown Crab Cove,True
DC-46R,False
DC-65R,False
DC01,False
DHS004B,True
DHS005B,True
DHS007B,True
DHS008B,True
DHS009B,True
DHS010B,True
DHS102B,True
DHS103B,True
DHS104B,True
DHS105B,True
DHS107B,True
DHS112B,True
DHS113B,True
DHS115B,True
DM_S-01,False
DM_S-05,False
DM_S-06,False
DM_S-07,False
DM_S-12,False
DPH 002B,True
DPH 122,True
DPH 123,True
DPH 124,True
DSB1D,True
DSB1U,True
DSB1Z,True
DSB1d,True
DSB4D,True
DSB4U,True
DSB4Z,True
DSB4d,True
DSB5D,False
DSB5U,False
DSB5Z,True
DUMONDD,True
DUMONDU,True
DUMONDZ,True
DUMONDd,True
DUMONDu,True
DUMONDz,True
DW0154-Discharge,True
DW0154-E,False
DW0154-N,False
DW0154-N-A,False
DW0154-N-B,False
DW0154-N-B-1,False
DW0154-N-B/C,False
DW0154-N-C,False
DW0154-Outlet,False
DW0176-1,False
DW0176-2,False
DW0176-3,False
DW0176-4a,False
DW0176-5,False
DW0176-6,False
DW0176-8,False
Dry Creek-Down,False
Dry Creek-Up,False
EAGC_EM,False
EC_1,False
EC_17,False
EC_2,False
EC_24,False
EC_27,False
EC_32,False
EC_41,False
EC_5,False
EC_6,False
EC_7,False
EC_8,False
EC_OF-1,False
EC_OF-11,False
EC_OF-13,False
EC_OF-15A,False
EC_OF-16,False
EC_OF-21,False
EC_OF-3,False
EC_OF-4,False
EC_OF-5,False
EC_OF-6,False
EH-356,True
ELBC_ELB,False
ELMOROD,True
ELMOROU,True
ELMOROZ,True
ELPORTALZ,True
ELPORTALz,True
EM10-UCD-Tate,False
EM4-UCD-Tate,False
EM5-UCD-Tate,False
EM6-UCD-Tate,False
EM7-UCD-Tate,False
EM9-UCD-Tate,False
EMRLDD,True
EMRLDU,True
EMRLDZ,True
ENCINAL BEACH MID,True
EN_1002SWOUTL,False
EN_163SWOUTL,True
EN_172SWOUTL,False
EN_375SWOUTL,True
EN_380SWOUTL,False
EN_75SWOUTL,False
EN_CBS-1,False
EN_CBS-2,False
EN_CBS-4,False
EN_CBS-7,False
EN_ENC-1,False
EN_ENC-10,False
EN_ENC-11,False
EN_ENC-15,False
EN_ENC-4,False
EN_ENC-5,False
EN_ENC-6,False
EN_LCS-1A,False
EN_LCS-2,False
EN_LCS-5,False
EN_LCS-5A,False
EN_LUC-7,False
EN_RSF-4,False
EN_SEL-2,False
EN_SEL-3,False
ES_ESC_113,False
ES_ESC_115,False
ES_ESC_116,False
ES_ESC_121,False
ES_ESC_128,False
ES_ESC_134,False
ES_HDG_102,False
EWK.08,False
FC-CUYA,False
FC-CUYA-DS,False
FC-WELD,False
GAB-VET,False
GC1-UCD-Tate,False
GC2-UCD-Tate,False
GC3-UCD-Tate,False
GC4-UCD-Tate,False
GC5-UCD-Tate,False
GC6-UCD-Tate,False
GC7-UCD-Tate,False
GOO.50,False
GRE.40,False
GV1-UCD-Tate,False
GV10-UCD-Tate,False
GV11-UCD-Tate,False
GV12-UCD-Tate,False
GV13-UCD-Tate,False
GV14-UCD-Tate,False
GV15-UCD-Tate,False
GV17-UCD-Tate,False
GV2-UCD-Tate,False
GV3-UCD-Tate,False
GV4-UCD-Tate,False
GV5-UCD-Tate,False
GV6-UCD-Tate,False
GV7-UCD-Tate,False
GV9-UCD-Tate,False
HC1-UCD-Tate,False
HC14-UCD-Tate,False
HC15-UCD-Tate,False
HC18-UCD-Tate,False
HC19-UCD-Tate,False
HC2-UCD-Tate,False
HC20-UCD-Tate,False
HC3-UCD-Tate,False
HC4-UCD-Tate,False
HC7-UCD-Tate,False
HC8-UCD-Tate,False
HC9-UCD-Tate,False
HEISLRD,True
HEISLRU,True
HEISLRZ,True
HEISLRd,True
HEISLRu,True
HEISLRz,True
HERC_HC,False
HIL.20,False
HMS-Storm Water Comp,True
HOR.50,False
HOR.70,False
HST01,False
HUNC,False
HWCORPYSD,True
HerC_HCUp,False
I00-11468-1,False
I01-11010-1,False
I01-11021-1,True
I01-11343-2,False
I01-11487-2,True
IB-068,True
IB-069,True
IB-079,True
IB-K-2,True
IB_E1A_E1B,True
IB_F-17,False
IB_F-34,False
IND.50,False
IND.60,False
IRVCOVE,True
IV15-UCD-Tate,False
IV16-UCD-Tate,False
IV17-UCD-Tate,False
IV18-UCD-Tate,False
IV19-UCD-Tate,False
IV20-UCD-Tate,False
IV21-UCD-Tate,False
IV22-UCD-Tate,False
IV23-UCD-Tate,False
IV24-UCD-Tate,False
IV25-UCD-Tate,False
IV26-UCD-Tate,False
IV27-UCD-Tate,False
J01-10004-1,False
J01-9007-1,False
J01-9046-2,False
J01-9082-2,False
J01-9131-1,False
J01-9224-1,False
J01-9224-2,False
J01-9273-1,False
J01-9992-1,False
J01P03,False
J01P08DIS,False
J01P08d,False
J01P08u,False
J01P28,False
J01P28 Ccin,False
J01P28Ccout,False
J01P28DIS,False
J01P28d,False
J01P28u,False
J01dJ02,False
J01dJ03,False
J01uJ02,False
J01uJ03,False
J03-9216-2,False
J03-9221-1,False
J04,False
J04Wet,False
J04d,False
J04dX,False
J04u,False
J04uX,False
J05,False
J05d,False
J05u,False
J06,False
J06-10011-1,False
J06-9079-1,False
J06-9362-1,False
J06d,False
J06u,False
J07-9109-4,False
J07P02,False
J07P02d,False
J30d1,False
JAWC_JF,False
JR1-UCD-Tate,False
JR10-UCD-Tate,False
JR11-UCD-Tate,False
JR2-UCD-Tate,False
JR3-UCD-Tate,False
JR4-UCD-Tate,False
JR5-UCD-Tate,False
JR6-UCD-Tate,False
JR7-UCD-Tate,False
JR8-UCD-Tate,False
JR9-UCD-Tate,False
JackC,False
JackC_Low,False
JordC,False
K01-12126-1,False
K01-12156-4,False
K01-12177-1,False
L00-12094-1,False
L01-340-1,False
L01-404-1,False
L01-724-4,False
L01-728-5,True
L01-731-1,False
L01-766-2,False
L01-PCH,True
L01-SDu/s,False
L01S02,True
L01S02d/s,True
L01S02u/s,True
L01S04,True
L01S04d/s,True
L01S04u/s,True
L01SPD,True
L02-166-2,False
L02-166-3,False
L02-246-1,False
L02-374-1,False
L02-541-9,False
L02-641-1,False
L02-641-2,False
L03-073-3,False
L03-214-2,False
L03-316-3,False
L03-418-8,False
L03-662-3,False
L03-708-11,False
L04-266-4,False
L04-266-5,False
L05-049-1,False
L05-489-3,False
LACSDS1,True
LACSDS2,True
LACSDS3,True
LACSDSB,False
LACSDSM,True
LADERAU,True
LADERAZ,True
LB2d,True
LB3d,True
LB3u,True
LB4d,True
LC02-11508-2 ,True
LC06-11019-1,True
LCWI02,False
LC_CT,False
LC_DUNBAR,False
LC_FSCP,False
LC_MLS,False
LC_RIOCYNRD,False
LC_RLAGEST,False
LC_SILVA,False
LC_USGS,False
LE-RW-21,True
LEE.10,False
LEE.15,False
LEE.17,False
LEE.20,False
LEE.30,False
LG1,False
LG_Site 1,False
LG_Site 10,False
LG_Site 2,False
LG_Site 69,False
LG_Site 8,False
LINDALD,True
LINDALU,True
LINDALZ,True
LINDALd,True
LINDALu,True
LINDALz,True
LM1,False
LM_907-ALV-001,False
LM_907-ALV-002,False
LM_908-UNI-001,False
LM_908-UNI-002,False
LM_908-UNI-003,False
LM_908-UNI-MASS,False
LM_OF-ALV-11,False
LM_OF-ALV-12,False
LM_OF-ALV-12D,False
LM_OF-ALV-13,False
LM_OF-ALV-14,False
LM_OF-ALV-16,False
LM_OF-ALV-6,False
LM_OF-ALV-7,False
LM_OF-ALV-9,False
LM_OF-ALV-9C,False
LM_OF-UNI-2,False
LM_OF-UNI-3,False
LON.50,False
LON.70,False
LPC-TWAS-3,False
LVC,False
M01-042-1,False
M01-088-1,False
M02-015-1,False
M02-032-1,False
M02-052-2,False
M02-085-1,False
M02-085-2,False
MAINBCD,True
MAINBCU,True
MAINBCZ,True
MAINBCz,True
MAINSEA1,True
MAM.10,False
MAM.20,False
MAM.30,False
MAM.40,False
MAM.50,False
MARIPOD,True
MARIPOU,True
MARIPOZ,True
MARIPOz,True
MB-086,True
MB-TWAS-1,False
MB-TWAS-2,False
MC,False
MC1-UCD-Tate,False
MC2-UCD-Tate,False
MC3-UCD-Tate,False
MC4-UCD-Tate,False
MC5-UCD-Tate,False
MC6-UCD-Tate,False
MC7-UCD-Tate,False
MC8-UCD-Tate,False
MCG.15,False
MCG.17,False
MCG.20,False
MCG.30,False
MCO-004,False
MCO-016,False
MCO-025,False
MC_Up,False
MDCD,True
MDCU,True
MDRH-1,True
MDRH-3,True
MIL.20,False
MIL.30,False
MIL.40,False
MIL.60,False
MIL.80,False
MO-FIL,False
MO-HUE,True
MO-MPK,False
MO-OXN,False
MO-SIM,False
MO-SPA,False
MO-THO,False
MR-2R,False
MR-4R,False
MS-3000-000,False
MTRDONN00,False
MTRGLEN02,False
MURR_902MS44034,False
MURR_902MS44062,False
MVC-USFS,False
Main,True
Main-A,True
Main-B,True
Main-C,True
Main-D,True
Mapleview_Ashwood,False
MaxC_Up,False
MdRH-Basin-E,True
MdRH-ORB-1,True
MdRH-ORB-2,True
MdRH-ORB-3,True
MdRH-ORB-4,True
MdRH-ORB-5,True
Morrison_Prop84_MP_1,False
Morrison_Prop84_MP_2,False
NAT-LAS,False
NC_13A-2,False
NC_1A,False
NC_32,False
NC_40,False
NC_433,False
NC_43B,True
NC_44B,False
NC_45,False
NC_46,False
NC_47A-1,False
NC_762,False
NC_770,False
NC_BM_L,False
NC_BM_LII,False
NC_BM_U,False
NC_EMR_L,False
NC_EMR_U,False
NE-In-1,False
NE-In-2,False
NFMERC_OCR,False
NFMOKE_BCG,False
NFMerC_ORC_Low,False
NI1d,True
NRSP-SW01,False
NRSP-SW02,False
NSHH-BB,False
NSHH-CR,False
NSHH-DLBB,False
NSHH-DLBS,False
NSHH-EBB,False
NSHH-EBS,False
NSHH-ED,False
NSHH-IB,False
NSHH-KGB,False
NSHH-KVB,False
NSHH-LF,False
NSHH-LS,False
NSHH-MB,False
NSHH-MCL,False
NSHH-NV,False
NSHH-PB,False
NSHH-REF,False
NSHH-RGB,False
NSHH-RHP,False
NSHH-SB,False
NSHH-SH,False
NSHH-SPB,False
NSHH-SPS,False
NSHH-TCC,False
NSHH-TCV,False
NSHH-ZC,False
OAK.50,False
OB-RW-16,True
OC_A004a,False
OC_A004b,False
OC_A013,False
OC_A015,False
OC_A016,False
OC_B002,False
OC_B022,False
OC_B104,False
OC_BV-028,False
OC_L001,False
OC_L009,False
OC_L019,False
OC_L027,False
OC_L040,False
OC_L111,False
OC_LA-026,False
OC_LA-041,False
OC_LA-048,False
OC_LA-051,False
OC_LA-053,False
OC_S006,False
OC_S065,False
OC_S106,False
OC_S117,False
OC_S122,False
OC_SLR-005,True
OC_SLR-015,False
OC_SLR-016,False
OC_SLR-025,False
OC_SLR-036,False
OERL33,True
OERL41,True
OR-TWAS-1,False
OWE.10,False
OWE.15,False
OWE.20,False
OWE.40,False
OWE.65,False
OWE.66,False
OWE.68,False
OWE.70,False
OWE.73,False
OWE.77,False
OWE.80,False
OWE.85,False
OWE.90,False
Outfall 85,True
PAR.20,False
PAR.30,False
PDCM01,False
PDOM01d,True
PEARLD,True
PEARLU,True
PEARLZ,True
PICOD,True
PICOU,True
PICOZ,True
PICOd,True
PICOz,True
PIERD,True
PIERU,True
PIERZ,True
PIERd,True
PIERu,True
PIERz,True
PIN.20,False
PIN.50,False
PIU.50,False
PM-DS,False
PM-US,False
POCHED,True
POCHEU,True
POCHEZ,True
POCHEd,True
POCHEu,True
POCHEz,True
PORT_CV-1,True
PO_105,False
PO_108,False
PO_111,False
PO_12,False
PO_129,False
PO_133,False
PO_135,False
PO_136,False
PO_140,False
PO_141,False
PO_16,False
PO_18A,False
PO_19,False
PO_209-1755_ 2,False
"PO_282-1749, 2",False
"PO_282-1749, 3 (Site 2)",False
"PO_282-1749, 4(S)",False
"PO_286-1755, 1A",False
PO_286-1755_1,False
PO_286-1755_3,False
"PO_290-1755, 2",False
"PO_298-1749, 2",False
"PO_298-1749, 5",False
PO_30,False
PO_36A,False
PO_4,False
PO_54,False
PO_80,False
PO_90,False
PPCD,False
PPCU,False
PT_10. Ferry Landing,False
PT_1203.1,True
PT_1206.1,True
PT_1219.1,True
PT_2497.1,True
PT_2709.1,True
PT_2742.1,True
PT_2795.1,True
PT_3. America's Cup Harbo,False
PT_4. Laurel Street,False
PT_7. Pepper Park,False
PT_Alt. 2. Harbor Island,False
PT_C3-2.1,True
PT_CSD145,True
PT_CV1-1,False
PT_CV1-1.1,True
Peninsula-RW1,True
Peninsula-RW2,True
Peninsula-SD1,False
Peninsula-SD2,False
Pillar Point #5,True
Pillar Point #9,True
Pump Station 7,True
Q1,False
Q1.5,False
Q2,False
Q3,False
Q3.5,False
Q4,False
Q5,False
QVIR_ELLR,False
QVIR_HORN,False
QVIR_KI01,False
QVIR_KI02,False
QVIR_KI03,False
QVIR_MC04,False
QVIR_MC05,False
QVIR_MC06,False
QVIR_MC07,False
QVIR_MC08,False
QVIR_MC09,False
QVIR_SF03,False
QVIR_SF06,False
QVIR_SF07,False
QVIR_SF10,False
QVIR_SF11,False
QVIR_SF14,False
QVIR_SF18,False
QVIR_SF19,False
QVIR_SRSF,False
RBC02,False
RBC04,False
RBC10,False
RBS.02,False
RBS.03,False
RBS.04,False
RBS.05,False
RBS.10,False
RC,False
RCFC_902MS41025,False
RCFC_902MS41032,False
RCFC_902MS41033,False
RCFC_902MS41037,False
RCFC_902MS41061,False
RC_902MS42240,False
RD-1200-000,False
RD-6000-000,False
RD513_1,False
RD513_2,False
RD513_3,False
RD518_1,False
RD518_2,False
RD518_3,False
RD518_4,False
RD730_1,False
RD730_2,False
RD730_3,False
RD730_4,False
REF-BC,False
REF-FC,False
REF-TCAS,False
RGT01,False
RHECityHall,False
RIVERAZ,True
RIVERAz,True
ROC.10,False
ROC.20,False
ROC.30,False
ROC.40,False
ROC.80,False
RUS.10,False
RUS.20,False
RUS.30,False
RUS.50,False
RUS.70,False
RUS.80,False
RVT02,False
SAW.50,False
SA_1662,False
SA_3306,False
SA_A5c,False
SA_E5g-1,False
SA_G30c,False
SA_I10c,False
SA_I30a,False
SA_J25c,False
SA_J25c2,False
SA_J30d-1,False
SA_P20f,False
SA_R20a,False
SA_RCP1,False
SA_S15h,False
SA_S5c,False
SA_V45k,False
SB_1,True
SB_9,False
SB_Seascape Sur,True
SC,False
SC-1R,False
SC-55R,False
SC-56R,False
SCCS52D,True
SCCS52U,True
SCCS52Z,True
SCK01,False
SCM1D,True
SCM1U,True
SCM1Z,True
SCM1d,True
SCM1z,True
SD-AP,False
SD8(1),False
SDCM02,False
SDR-CDE,False
SDR-DB,True
SDR-FC1,False
SDR-FC2,False
SDR-FC2-BM,False
SDR-FC2-OF1,False
SDR-FC2-OF2,False
SDR-TWAS-1,False
SDR-TWAS-2,False
SDR-TWAS-3,False
SD_DW0001,False
SD_DW001,False
SD_DW0024,False
SD_DW0025,False
SD_DW0033,True
SD_DW0036,False
SD_DW0036-D,False
SD_DW004,False
SD_DW0053,True
SD_DW0067,False
SD_DW0067-UP1,False
SD_DW0081,False
SD_DW010,False
SD_DW0104,False
SD_DW011,False
SD_DW0120,False
SD_DW0121,False
SD_DW0136,False
SD_DW0156,True
SD_DW017,False
SD_DW0171,False
SD_DW0179,False
SD_DW018,False
SD_DW020,False
SD_DW0203,True
SD_DW021,False
SD_DW022,False
SD_DW0223,False
SD_DW0224,False
SD_DW0236,False
SD_DW024,False
SD_DW0247,False
SD_DW025,False
SD_DW026,False
SD_DW0273,False
SD_DW0275,False
SD_DW0284,False
SD_DW0284-A,False
SD_DW0304,False
SD_DW0304-UP1,False
SD_DW0317,False
SD_DW0317-UP1,False
SD_DW0333,False
SD_DW0333-A,False
SD_DW0333-UP1,False
SD_DW034,False
SD_DW036,False
SD_DW0369,False
SD_DW0382-UP1,False
SD_DW0429,False
SD_DW046,False
SD_DW048,False
SD_DW053,False
SD_DW054,False
SD_DW056,False
SD_DW057,False
SD_DW058,False
SD_DW060,False
SD_DW063,False
SD_DW0636,False
SD_DW064,False
SD_DW065,False
SD_DW066,False
SD_DW067,False
SD_DW0681-UP1,False
SD_DW0696,False
SD_DW0696-UP1,False
SD_DW071,False
SD_DW078,False
SD_DW0797,False
SD_DW0839,False
SD_DW084,False
SD_DW086,False
SD_DW095,False
SD_DW097,False
SD_DW100,False
SD_DW101,False
SD_DW102,False
SD_DW1022,False
SD_DW103,False
SD_DW1032,False
SD_DW1034,False
SD_DW1045,False
SD_DW105,False
SD_DW106,False
SD_DW108,False
SD_DW109,False
SD_DW114,False
SD_DW115,False
SD_DW117,False
SD_DW120,False
SD_DW121,False
SD_DW127,False
SD_DW133,False
SD_DW136,False
SD_DW150,False
SD_DW152,False
SD_DW154,False
SD_DW156,False
SD_DW168,False
SD_DW171,False
SD_DW173,False
SD_DW175,False
SD_DW176,False
SD_DW179,False
SD_DW181,False
SD_DW183,False
SD_DW184,False
SD_DW188,False
SD_DW190,False
SD_DW196,False
SD_DW203,False
SD_DW211,False
SD_DW219,False
SD_DW223,False
SD_DW226,False
SD_DW235,False
SD_DW239,False
SD_DW240,False
SD_DW261,False
SD_DW263,False
SD_DW273,False
SD_DW275,False
SD_DW284,False
SD_DW289,False
SD_DW290,False
SD_DW292,False
SD_DW304,False
SD_DW308 ,False
SD_DW317,False
SD_DW325,False
SD_DW326,False
SD_DW327,False
SD_DW328,False
SD_DW330,False
SD_DW340,False
SD_DW341,False
SD_DW353,False
SD_DW364,False
SD_DW367,False
SD_DW369,False
SD_DW372,False
SD_DW375,False
SD_DW388,False
SD_DW391,False
SD_DW393,False
SD_DW410,False
SD_DW411,False
SD_DW414,False
SD_DW421,False
SD_DW429,False
SD_DW432,False
SD_DW435,False
SD_DW438,False
SD_DW443,False
SD_DW447,False
SD_DW450,False
SD_DW457,False
SD_DW461,False
SD_DW475,False
SD_DW482,False
SD_DW487,False
SD_DW537,False
SD_DW539,False
SD_DW541,False
SD_DW545,False
SD_DW546,False
SD_DW554,False
SD_DW562,False
SD_DW566,False
SD_DW579,False
SD_DW581,False
SD_DW593,False
SD_DW595,False
SD_DW599,False
SD_DW606,False
SD_DW619,False
SD_DW625,False
SD_DW626,False
SD_DW634,False
SD_DW646,False
SD_DW648,False
SD_DW653,False
SD_DW678,False
SD_DW741,False
SD_DW744,False
SD_DW747,False
SD_DW781,False
SD_DW794,False
SD_DW795,False
SD_DW797,False
SD_DW806,False
SD_DW812,False
SD_DW823,False
SD_DW839,False
SE-In-1,True
SE-In-2,True
SEA-4,True
SF1-UCD-Tate,False
SF10-UCD-Tate,False
SF11-UCD-Tate,False
SF12-UCD-Tate,False
SF13-UCD-Tate,False
SF14-UCD-Tate,False
SF15-UCD-Tate,False
SF16-UCD-Tate,False
SF17-UCD-Tate,False
SF2-UCD-Tate,False
SF3-UCD-Tate,False
SF4-UCD-Tate,False
SF5-UCD-Tate,False
SF6-UCD-Tate,False
SF7-UCD-Tate,False
SF8-UCD-Tate,False
SF9-UCD-Tate,False
SFSTAN_CM,False
SHE.50,False
SI-010,True
SI-020,True
SI-030,True
SIL.50,False
SJC-74,False
SJC1,True
SJC1D,True
SJC1U,True
SJC1Z,True
SJC1d,True
SJC1u,True
SJC1z,True
SJCL01,True
SJNL01,False
SJRI_16,False
SJRI_17,False
SLINDALZ,True
SLINDALz,True
SLR#1,False
SLR#2,False
SLR#3,True
SLR#4,True
SLR-OCB,True
SLR-TWAS-2,False
SLR25,False
SM-TWAS-1a,False
SM-TWAS-1b,False
SM11-UCD-Tate,False
SM12-UCD-Tate,False
SM13-UCD-Tate,False
SM14-UCD-Tate,False
SM4-UCD-Tate,False
SM5-UCD-Tate,False
SM6-UCD-Tate,False
SM7-UCD-Tate,False
SM8-UCD-Tate,False
SM9-UCD-Tate,False
SMB-1-10,True
SMB-1-12,True
SMB-1-13,True
SMB-1-14,True
SMB-1-16,True
SMB-1-6,True
SMB-1-8,True
SMB-2-1,True
SMB-2-11,True
SMB-3-6,True
SMB-5-2,True
SMB-5-4,True
SMB-6-1,False
SMB-6-2,False
SMB-6-3,True
SMB-6-4,True
SMG05,False
SMG06,False
SMR-MLS-2,False
SM_A-11,False
SM_B-02,False
SM_Broadway_Harvard,False
SM_Broadway_Stanford,False
SM_C-05A,False
SM_Colorado_Berkeley,False
SM_Colorado_Franklin,False
SM_Colorado_Harvard,False
SM_D-03,False
SM_DB-01,False
SM_E-12,False
SM_Idaho_Amherst,False
SM_Idaho_Wellesley,False
SM_OUT002,False
SM_OUT023,False
SM_OUT053,False
SM_OUT10237,False
SM_OUT10330,False
SP-RW-18,True
SPM-MP-1A,True
SPM-MP-2A,True
SPM-MP-2B,True
SPM-MP-2C,True
SPM-MP-3A,True
SPM-MP-3B,True
SPM-MP-3C,True
SPM-MP-4A,True
SR-TWAS-1,False
SWA.02,False
SWA.08,False
SYM.50,False
SandiaCk_BCD,False
SulC,False
SutC,False
TAB.50,False
TBC_LRM,False
TBC_LRM_U1,False
TBC_LRM_U2,False
TC-MLS-US,False
TC-TCNP,False
TCC_PB,False
TCOL02,False
TCPL-E,False
TEC_SM_L,False
TEC_SM_U,False
TEM_902MS43015,False
THC,False
THERC_UFG,False
TJC_BM1,False
TJC_BM2,False
TJR-TWAS-1,False
TNFMOKE_BCG,False
TNFMOKE_BTM,False
TNFMOKE_LG,False
TNFMOKE_LLG,False
TRFCYND,False
TRFCYNU,False
TRFCYNZ,True
TRFCYNz,True
TRIB1MLS,False
TRIB2MLS,False
TRIB3MLS,False
TRIB5MLS,False
TRIB5TWAS,False
TSBG,False
TSFSTAN_HCM,False
TUT.50,False
TWC_UTM,False
TamresLn,False
TamresLn-DS,False
Tuolumne-Down,False
Tuolumne-Up,False
TurnC,False
USF1-UCD-Tate,False
USF10-UCD-Tate,False
USF11-UCD-Tate,False
USF12-UCD-Tate,False
USF13-UCD-Tate,False
USF14-UCD-Tate,False
USF15-UCD-Tate,False
USF2-UCD-Tate,False
USF3-UCD-Tate,False
USF4-UCD-Tate,False
USF5-UCD-Tate,False
USF6-UCD-Tate,False
USF7-UCD-Tate,False
USF8-UCD-Tate,False
USF9-UCD-Tate,False
VICTRAD,True
VICTRAU,True
VICTRAZ,True
VICTRAz,True
VIR.03,False
VIR.10,False
VIR.20,False
VI_12,False
VI_43,False
VI_AH-21,False
VI_AH-9,False
VI_BV-1,False
VI_BV-12,False
VI_BV-16,False
VI_BV-19,False
VI_BV-31,False
VI_BV-4,False
VI_BV-5,False
VI_BV-8,False
VI_BV-9,False
VI_G-7,False
VI_SLR-01,False
VI_SLR-03,False
VI_SS-1,False
WAL.05,False
WAL.10,False
WC_U,False
WC_WM,False
WESTD,True
WESTU,True
WESTZ,True
WESTz,True
WGT01,False
WHEMC_WHEM,False
WILD_902MS45026,False
WILD_902MS45031,False
WK-64R,False
WMS,False
WQ-18,False
WQ-19,False
WQ-20,False
WQ-21,False
WQ-22,False
WQ-23,False
WQ-24,False
WQ-25,False
WQ-26,False
WQ-27,False
WQ-28,False
Wharf,True
Wharf-East,True
Woodside_Tunnel,False
ZMB,True
ZST,False
01T_ODD3_EDI,True
05T_HONDO,False
06T_LONG2,False
103CDCHHR,False
103CK4061,False
103ML0155,False
105BS7150,False
105PC0001,False
105SH0024,False
105SH1623,False
105SH6158,False
105SH6418,False
107LL0600,False
107LM1856,False
107PR7848,False
108HBOHB1,True
108LF0001,True
108LR0001,True
108LR0663,True
108MC1250,False
108ML0001,True
108SC0550,True
109MA0001,True
109NR1488,False
109SW0001,True
109UNTANKR,False
110CG5000,False
110DJXNRD,True
110DSEIDL,False
110EL1278,True
110ER6642,False
110FR4642,False
110GG0100,False
110GR0500,False
110GS1625,True
110GS5000,False
110GS6500,False
110HS5050,True
110JC0966,False
110JC6316,False
110JG0264,False
110MD3750,False
110MS1481,True
110MS6750,False
110SA1680,False
110SF1612,False
110SS9000,True
110UNSJXN,True
110UNSLPHR,True
110UNSRNCH,True
110US09HC,True
110US18VC,True
110US27LP,True
111AL1359,False
111CF1805,False
111CW0458,False
111HR0606,False
111LM0001,False
111ML0252,False
113BI0001,True
113CA0001,True
113HC0001,True
113PD0001,True
113PG1586,False
113VR0001,True
114BL1999,False
114C01EDR,False
114C02SPR,False
114C03OMR,False
114C04TRF,False
114C05MNS,False
114C06VRG,False
114C07MRC,False
114C08FRS,False
114C09WDC,False
114C10AVR,False
114C11RDH,False
114C12FSM,False
114C13LSA,False
114CO0655,False
114CR3673,False
114DB0147,False
114DDRC59,False
114DFMR68,False
114FO3662,False
114FZ3710,False
114GO0351,False
114GV2455,False
114LG3411,False
114MW0930_SWAMP,False
114PA3647,False
114PI0729,False
114RR0066,True
114RR0898,True
114RR1325,True
114RR1898,True
114RR2036,False
114RR2940,False
114RR3119,False
114RR4234,False
114RR4751,False
114RR5748,False
114RR6273,False
114RR6273_SWAMP,False
114SR3260,False
114SR3260_SWAMP,False
114SR6158,False
114UD0000,False
114UL3960,False
114UM0355,False
114UR3927,False
114UT3915,False
114UW0048,False
114VB0410,False
114XX1675,False
14St,True
202-MONTA-11,False
202SVC001,True
202SVC002,False
202SVC008,False
202SVD001,True
202SVD002,False
202SVD004,False
202SVD015,False
206BVC500,False
206FEL001,False
206FIS001,False
206FIS002,False
206FIS003,False
206FRE001,False
206FRE002,False
206FRE003,False
206FRE004,False
206FRE006,False
206FRE006b,False
206KEN001,False
206MLK100,False
206MUR100,False
206MUR200,False
206NAC100,False
206NAP010,True
206NAP020,True
206NAP025,True
206NAP030,True
206NAP055,False
206NAP090,False
206NAP140,False
206NAP160,False
206NAT010,False
206NAT030,False
206NAT035,False
206NAT040,False
206PET002,True
206PET392,False
206PET393,False
206SCH009,True
206SCH00903,False
206SCH00904,False
206SCH00905,True
206SLV040,False
206SLV100,False
206SON011,False
206SON020,False
206SON050,False
206SON140,False
206SON160,False
206SON180,False
206SON190,False
206SON205,False
206SON210,False
206SON210b,False
206SON215,False
206SON32,False
206SON32b,False
206SON32c,False
206SONCYP,False
206SONTON,False
206SONTUR,False
2103,True
2104,True
2180,True
2181,True
2182,True
2183,True
2190,True
2191,True
2192,True
2193,True
2200_SCCWRP,True
2201,True
2202,True
2203,True
2205,True
2210,True
2211,True
2212,True
2213,True
2220,True
2221,True
2222,True
2223,True
2303,True
2351,True
2403,True
2700,True
304-CAMPE-21,False
304-CARBO-23,False
304-CARBO-24,False
304-CARBO-25,False
304-CSD-03,False
304-CSD-05,False
304-CSD-06,False
304-CSD-08,False
304-CSD-09,True
304-CSD-10,False
304-LEONA-21,False
304-PILKI-21,False
304-PILKI-22,False
304-SCSD-05,False
304-SOQUE-26,False
304-SOQUE-28,False
305-HANSO-21,True
305-WATSO-24,False
305-WSTRU-22,False
305-WSTRU-23,True
305-WSTRU-24,True
306-CARNE-33A,False
306-CARNE-36,True
306-CORNC-31,False
306-MOROC-34,True
306-POND-A,False
306-POND-C,False
306-POND-E,False
306-POND-H,False
306-POND-J,False
306-POND-N,False
306-POND-O,False
306-POND-R,False
306-POND-S,False
306-POND-W,False
307-CARME-31,False
307-CARME-366,False
307-CASD-05,True
307-CASD-06,False
307-CVSD-01,True
308-SYCAM-32,False
309-PGSD-03 u/S,False
309-PGSD-14,True
309-SALIN-46,False
309-SKYLI-31,False
309-SRITA-32-2,False
309-SRITA-37,False
309-SRITA-38,False
309-SRITA-39,False
309NACIDU,False
309SMLOSP,False
310-PENN-41,False
310-SANSI-42,False
310-SANTA-43,True
310APN,False
310LVR,False
310UPN,False
310UWR,False
310WRP,False
314ZCALK1,False
504BUT001,False
504TEH201,False
507SHA120,False
507SHA301,False
507SHA302,False
507SHA303,False
507TEH102,False
508SHA201,False
509BUT104,False
509TEH104,False
509TEH200,False
509TEH402,False
510LSAC06,False
510LSAC07,False
510SAC100,False
510SAC102,False
510SAC103,False
510YOL101,False
510YOL104,False
511LSAC10,False
511SAC001,False
511YOL001,False
512NAP031,False
512NAP032,False
512NAP033,False
512NAP034,False
512NAP035,False
514AMR809,False
514AMR810,False
514AMR811,False
514ELD010,False
514ELD020,False
514GWCH49,False
514PLA105,False
514PLA106,False
514PLA905,False
514PLA906,False
514PLABPL,False
514PLABPM,False
514PLABPR,False
514PLAGBL,False
514PLAGBM,False
514PLAGBR,False
516NEV909,False
516NEV911,False
516NEV912,False
517NEV106,False
517NEV109,False
517NEV110,False
517NEV111,False
517NEV112,False
517NEV113,False
517NEV114,False
517NFYCFC,False
517NYRSRC,False
517NYRTRB,False
517SCBCCx,False
517SFYEPS,False
517SFYISC,False
517YUB001,False
517YUB002,False
517YUB003,False
517YUB030,False
518FTRAGC,False
518INCATB,False
518PLU902,False
518SPCBGC,False
519LSAC51,False
519PLA910,False
519PLA912,False
519PLA920,False
519PLA921,False
519PLA922,False
519PLA930,False
519PLA931,False
519PLA932,False
519SAC000,False
519SAC001,False
519SAC002,False
519SAC102,False
519SAC103,False
519SAC105,False
519SAC107,False
519SAC108,False
519SAC109,False
519SAC110,False
519SAC112,False
519SAC113,False
519SAC115,False
519SAC118,False
519SAC119,False
519SAC127,False
519SAC130,False
519SACFCL,False
519SACFCM,False
519SACFCR,False
519SACNFL,False
519SACNFM,False
519SACNFR,False
519SUT008,False
519YOL001,False
520BUT201,False
520BUT207,False
520BUT208,False
520COL001,False
520COL002,False
520COL003,False
520COL004,False
520COL005,False
520COL006,False
520SUT011,False
521BUT202,False
521BUT203,False
521BUT204,False
521BUT205,False
521BUT206,False
521BUT209,False
525SIS101,False
531SJC110,False
531SJC111,False
531SJC112,False
531SJC216,False
531SJC217,False
531STC001,False
532CAL010,False
532ELD005,False
532ELD006,False
532ELD007,False
532ELD008,False
532ELD010,False
533CAL902,False
533CAL903,False
533CAL904,False
534CYCANB,False
534TUO202,False
534TUO203,False
535SJC005,False
535SJC006,False
535STC217,False
535STC218,False
535STC220,False
535STC221,False
535STC511,False
535TR5xxx,False
536TUO201,False
536TUO211,False
536TUO230,False
536TUO301,False
536TUO302,False
537MAR204,False
537MAR210,False
538MAR010,False
538MAR020,False
538MAR031,False
541MER514,False
544LSAC12,False
544LSAC13,False
544PYL033,False
544SJC531,False
544SJC532,False
544SJC533,False
544SJC534,False
544SJC535,False
544SJC536,False
544SJC537,False
544SJC538,False
544SJC539,False
544SJC540,False
544SJC541,False
544SJC544,False
544SJC545,False
544STI10x,False
545FRE007,False
545FRE020,False
545MAD011,False
545MAD012,False
545MAD021,False
545MAD504,False
545SJ0144,False
551FRE150,False
552FRE330,False
552FRE340,False
553KAR110,False
553KAR120,False
557KERNRV,False
628CRB001,False
628SHP001,False
64THST,False
6St,True
AB10,False
AHL-010,False
AHL-020,False
AHL-030,False
BAY#202_LAGOON,True
BAY#220_SL,True
BAY#320_SL,True
BUCBEACH-NREF,True
BUCBEACH-S,True
BUCBEACH-SREF,True
BVC-015,False
BVC-025,False
BVC-035,False
Bean Hollow Creek,True
CAY16,True
CHICKEN RANCH DITCH,True
CHINOCRK,False
CMWAP00,False
CMWCL00,True
CMWCM00,True
CMWCM01,True
CMWCP00,False
CMWFK00,False
CMWSM01,False
Caledonia x Jewell,False
Calera Creek,True
D1,True
D2,False
D3,False
D4,False
D5,False
DRY-CAM4,False
DRY-HUE3,True
DRY-MPK2,False
DRY-OJA6,False
DRY-OXN2,False
DRY-SPA2,False
DRY-SPA3,False
DRY-SPA4,False
DRY-UNI2,False
DRY-UNI4,False
DRY-VEN5,False
DUKECREEK,False
DW0154-E-TD,False
DW0154-E-VCH-N,False
EFMNTCR1,False
EFMNTCR2,False
EH-505,False
Erckenbrack Park,True
Frenchmans Creek,True
GVPC_12.0,False
GVPC_12.1,False
GVPC_12.2,False
GVPC_12.3,False
GVPC_12.4,False
GVPC_13.0,False
GVPC_SPR1,False
GVPC_SPR3,False
GVPC_SPR4,False
GVPC_SPR5,False
GVPC_SPR6,False
GVPC_SPR7,False
GVWDV20,True
Gazos Creek,True
"Gull Park, Foster City",True
HSB23,True
HYPCB2,True
J25c2,False
JA,True
JOLANDSCENIC,False
Junipero x 18th,False
K1,False
K2,False
K3,False
K4,False
LA-CON,False
LA-DS-GAR,False
LA-GAR,False
LA-OS,False
LA-PCH,True
LA-PSB,True
LA-RDO-SPR,False
LACSDS7,True
LC6,False
LC7,False
LC8b,False
LC8d,False
LC8e,False
LC8f,False
LC8f-1,False
LC8f-2,False
LC8f-3,False
LC8g,False
LC8h,False
LC8i,False
LC8i-1,False
LC8i-2,False
LC8i-3,False
LC8i-4,False
LC8j,False
LC8k,False
LC8k-1,False
LC8k-2,False
LC8k-3,False
LC8k-3 CG,False
LC8k-4,False
LC8k-4 CG,False
LC8k-5,False
LITTLERIVER101,True
LPMH-01,False
LPMH-03,False
LPQ-040,False
LUFFHLTZSWTP,False
Laurel x Park,False
MCO-005,False
MCO-014,False
MILLCRWOODBRIDGE,False
MISSION,False
MLLCR1,False
MLLCR2,False
MNTCR1,False
MNTCR2,False
MSR SDR 35,False
Ma1,False
Ma2,False
Marlin Park,True
Martini Creek,True
Mo1,True
Mo2,False
Mo3,False
Mo4,False
Mo5,False
NL,False
North Roosevelt Creek,True
OB,True
OC_LA-029,False
OC_LA-046,False
OC_LA-054,False
OTY-011,False
OTY-025,False
P1-1,False
P1-2,False
P1-3,False
P1-4,False
P1-5,False
P1-6,False
P3-RC1,False
P3-RC2,False
P3-SBC1,False
P4-RC1,False
P4-RC2,False
P4-SBC1,False
PARKERCRBEACH,False
PARKERCRWSTHVN,False
PATRICKCLAM,False
PBL-015,True
PBL-016,False
PBL-040,False
PR1SDInlet,False
PR1SDOutlet,False
PR2ASDInlet,False
PR2ASDOutlet,False
PR2BSDInlet,False
PR2BSDOutlet,False
PR2DSDInlet,False
PR2DSDOutlet,False
PR3SDInlet,False
PR3SDOutlet,False
Pescadero Creek,True
Pilarcitos Creek,True
Pomponio Creek,True
RSC-011,False
RSC-012,False
S02T_ELLS,False
S02T_TODD,False
S03T_BOULD,False
S03T_TIMB,False
S04T_TAPO,False
SB_MST_A01,True
SB_MST_A02,True
SB_MST_A03,True
SB_MST_A04,True
SB_MST_A05,True
SB_MST_A06,False
SB_MST_B-Duck,True
SB_MST_CP-GW1,True
SB_MST_CP-GW2,True
SB_MST_CP-GW3,True
SB_MST_CP-GW4,True
SB_MST_CP-SZ1,True
SB_MST_E,False
SB_MST_E-1A,True
SB_MST_E-1NS,True
SB_MST_E-2A,True
SB_MST_E-2NS,True
SB_MST_E-2R,True
SB_MST_E-3A,True
SB_MST_E-3NS,True
SB_MST_E-3R,True
SB_MST_E-4A,True
SB_MST_E-4R,True
SB_MST_E-5R,True
SB_MST_E01,True
SB_MST_E02,True
SB_MST_E03,True
SB_MST_E04,True
SB_MST_E05,True
SB_MST_E06,True
SB_MST_E07,True
SB_MST_E08,True
SB_MST_E09,False
SB_MST_E09A,False
SB_MST_E10,True
SB_MST_E11,True
SB_MST_E11D,True
SB_MST_E12,False
SB_MST_E12A,False
SB_MST_E12B,True
SB_MST_EB-GW1,True
SB_MST_EB-GW2,True
SB_MST_EB-GW3,True
SB_MST_EB-GW4,True
SB_MST_EB-GW5,True
SB_MST_EB-GW6,True
SB_MST_EB-GW7,True
SB_MST_EB-M2,True
SB_MST_EB-SP4,True
SB_MST_EB-SP5,True
SB_MST_EB-SP6,True
SB_MST_Eco,False
SB_MST_G-1DF,True
SB_MST_G-1NS,True
SB_MST_G-1OS,True
SB_MST_G-2DF,True
SB_MST_G-2NS,True
SB_MST_G-2OS,True
SB_MST_G-3DF,True
SB_MST_G-3NS,True
SB_MST_G-3OS,True
SB_MST_G-4OS,True
SB_MST_G-ED,True
SB_MST_G-pier,True
SB_MST_G01,True
SB_MST_G02,True
SB_MST_G02A,True
SB_MST_G03,True
SB_MST_G04,True
SB_MST_G04A,True
SB_MST_G05,True
SB_MST_G06,True
SB_MST_G06A,True
SB_MST_G07,True
SB_MST_G08,True
SB_MST_G09,False
SB_MST_G10,True
SB_MST_G10A,True
SB_MST_G11,True
SB_MST_G12,True
SB_MST_G12A,True
SB_MST_G12B,True
SB_MST_G13,True
SB_MST_GB-GW1,True
SB_MST_GB-GW2,True
SB_MST_GB-GW3,True
SB_MST_GB-GW4,True
SB_MST_GB-GW5,True
SB_MST_GB-GW6,True
SB_MST_GP,False
SB_MST_L-1NS,True
SB_MST_L-2NS,True
SB_MST_L-3NS,True
SB_MST_L-GW6,True
SB_MST_L-GW7,True
SB_MST_L-GW8,True
SB_MST_L-IH,True
SB_MST_L-OH,True
SB_MST_L01,True
SB_MST_L02,True
SB_MST_L03,True
SB_MST_L04,True
SB_MST_L05,True
SB_MST_L06,True
SB_MST_L06A,True
SB_MST_L06B,True
SB_MST_L07,True
SB_MST_L08,False
SB_MST_L09,False
SB_MST_L09A,False
SB_MST_L09B,False
SB_MST_L09D,False
SB_MST_LB-GW1,True
SB_MST_LB-GW2,True
SB_MST_LB-GW3,True
SB_MST_LB-GW4,True
SB_MST_LB-GW5,True
SB_MST_LB-SD1,True
SB_MST_LB-SD2,True
SB_MST_LB-SD3,True
SB_MST_LB-SP1,True
SB_MST_LB-SP2,True
SB_MST_LB-SP3,True
SB_MST_LE-1DF,True
SB_MST_LE-1OS,True
SB_MST_LE-2DF,True
SB_MST_LE-2OS,True
SB_MST_LE-3DF,True
SB_MST_LE-3OS,True
SB_MST_LE-4OS,True
SB_MST_LE-5OS,True
SB_MST_LE-ED,True
SB_MST_M-1NS,True
SB_MST_M01,True
SB_MST_R,False
SB_MST_SEW,False
SCC-010,False
SCCWRPCB01,True
SCCWRPCB02,True
SCCWRPCB04,True
SCCWRPCB05,True
SCCWRPCB06,True
SCRailroa,False
SDR-708 ,False
SDR10 ,False
SDR16 ,False
SDR45 ,False
SDR47 ,False
SDR49 ,False
SDR50 ,False
SD_DW0096,False
SD_DW0273-H,False
SD_DW0435,False
SD_DW0638-UP1,False
SD_DW0942-F,False
SD_DW1035,False
SD_DW1111,False
SGT-025,False
SGT-028,False
SGT-051,True
SMB-1-17,True
SMB-1-3,True
SMB-O-01,True
SMB-O-02,True
STRAWARTHUR,False
STRAWCENTRAL,False
SW1-TDN,False
SW2-TDN,False
SW3-TDN,False
SW4a-TDN,False
SW4b-TDN,False
SW4c-TDN,False
SW5-TDN,False
SWT-021,False
San Gregorio Creek,True
San Pedro Creek,True
San Vicente Creek,True
South Roosevelt Creek,True
Spruce x Congress,False
T1-ANZA,False
T1-BRSC,False
T1-BXSP,False
T1-CCCH,False
T1-DAY,False
T1-LLSC,False
T1-PHNX,False
T1-SACH,False
T1-SNCH,False
T1-SSCH,False
T2-CYP2,False
T2-HOLE,False
TJN-040,False
TJN-050,False
TJN-060,False
UPRG_M31,False
UPRG_M32,False
UPRG_M33,False
UPRG_M34,False
UPRG_M35,False
V1,True
V2,False
V3,False
V4,False
V5,False
V6,False
VRT_SANTO,False
VRT_THACH,False
VRW06.1,False
WQ_1,True
WQ_9,True
WW-M6,False
114ACGR,False
114CCOF,False
114CCTR,False
114EF6320,False
114LDSRGW,False
114MWCWW,False
114PCAGC,False
114PCCL,False
114PCGC,False
114RCDS,False
114RCUS,False
114RR6968,False
114RR8265,False
114RR8402,False
114RR8709,False
114RR9181,False
114SCFGC,False
114WCVGD,False
19-20-GW3,False
19-20-GW4,False
19-20-RW1,False
19-20-RW2,False
19-20-RW3,False
19-20-RW4,False
19-20-RW5,False
19-20-WW1,False
19-20-WW2,False
19-20-WW3,False
19-20-WW4,False
202AGUS,False
202CAP001,True
202CAP025,True
202DEN005,False
202DEN017,False
202DEN020,False
202DNDS,False
202DNUS,False
202DRUS,False
202DRVL,False
202FRE010,True
202FRE050,True
202FRE100,False
202PES138,False
202PES142,False
202PES144,False
202PES154,False
202PMP002,True
202PMP004,True
202PMP600,False
202PMP800,False
202SFR004,True
202SGR002,True
202SGR010,False
202SGR018,False
202SGR040,False
202SGR060,False
202SGR075,False
202SGR076,False
202SGR080,False
202SGR081,False
202SGR700,False
203BAX045,False
204LME005,True
204LME015,True
204LME025,True
204LME030,True
204LME050,True
204R01519,False
204SAU055,False
204SAU110,False
204SAU130,False
204SAU200,False
205COY392,False
205LGA033,False
205LGA420,False
205R01731,False
205R02422,False
205R02458,False
205R02474,False
205R02670,False
205R02835,False
205R03694,False
205SAR075,False
205Z6L2010,False
205Z6M010,False
205Z6M1010,False
206BVC600,False
206CAR200,False
206DRY100,False
206FGN100,False
206R00727,False
206R01495,False
206R02343,False
206RED032,False
206SHE010,False
206SLV200,False
206SPA061,False
206SPA062,False
206SUL010,False
206TUL030,False
207R01447,False
207R01675,False
207R02891,False
207R03116,False
207R03403,False
207R04544,False
504XPNC32,False
515XLHCRR,False
518XCCDOW,False
519AMNDVY,False
519AMNSAC,False
519LSAC52,False
519SAC102,False
519SAC104,False
519SAC106,False
519SAC109,False
527XLOWLC,False
52SCB,False
535BLATMR,False
535CCAWBR,False
535LFHASB,False
535LTAETR,False
535XDCCHS,False
535XLDACR,False
535XMLAHO,False
535XMRAOR,False
535XRCARD,False
535XUDAHO,False
538MAR030,False
541XDPCHW,False
541XLBCSA,False
541XLPCWB,False
541XOCAER,False
541XOCAFB,False
541XOCAKR,False
544BIPAOR,False
544DBCRBR,False
544ETAEMR,False
544RIAWSP,False
544UIDABR,False
544UPRRID,False
551WWDPCF,False
719HOTCPF,False
719MISSCK,False
719PLC115,False
719TPPSQH,False
719TRMDSS,False
719WWRI10,False
719WWRPDS,False
719WWRPUS,False
727ACBSQC,False
BC 1,False
BC 10,False
BC 11,False
BC 12,False
BC 13,False
BC 14,False
BC 15,False
BC 16,False
BC 17,False
BC 18,False
BC 19,False
BC 19 Alt,False
BC 2,False
BC 20,False
BC 21,False
BC 22,False
BC 23,False
BC 24,False
BC 25,False
BC 26,False
BC 27,False
BC 3,False
BC 4,False
BC 5,False
BC 6,False
BC 7,False
BC 8,False
BC 9,False
BCC_GC_BRIDGE,False
BCC_WS_BRIDGE,False
Bioretention_Area,False
CT_SDR-FC1A,False
CT_SDR-FC1B,False
CT_SDR-FC2A,False
CT_SDR-ST-005A,False
GW1,False
GW2,False
GW3,False
HC 1,False
HC 10,False
HC 11,False
HC 2,False
HC 3,False
HC 4,False
HC 5,False
HC 6,False
HC 7,False
HC 8,False
HC 9,False
J01-9082-5,False
L03-074-1 ,False
LPC 1,False
LPC 10,False
LPC 11,False
LPC 2,False
LPC 3,False
LPC 4,False
LPC 5,False
LPC 6,False
LPC 7,False
LPC 8,False
LPC 9,False
M01-050-4 ,False
Markham_Auto,False
Mod-1_Eff,False
Mod-1_Inf,False
P3-OC1,False
P3-OC10,False
P3-OC11,False
P3-OC3,True
P3-OC5,False
P3-OC6,True
P3-OC7,False
P3-OC8,True
P3-OC9,False
P4-OC1,False
Pre_Norm,False
R2 Commercial,False
R3 Residential,False
R4 Subregional,False
RecycleWtr1,False
RecycleWtr2,False
RecycleWtr3,False
SewerMain1,False
TCB,False
TDW,False
911NCPCRx,False
911TJKTC5,False
911TJLCC2,False
EH-1,False
EH-4,False
EH-6e2,False
LeoCarilloSouthBeach_A,True
LeoCarilloSouthBeach_B,True
LeoCarilloSouthBeach_C,True
MS4-SDR-035 ,False
P4-OC2,True
P4-OC3,True
191UP01,False
201WLK170,False
201WLK185,False
220UP01,False
230UP01,False
309ALG,False
5M-25R,False
5M-26R,False
5M-28R,False
902UTC795,False
AC03,False
BAY#230_SL,True
CSBBR1z,True
CSBMP1z,True
CSD-031-SD,True
CSD_A1,True
CSD_A6,True
CSD_A7,True
CSD_C4,True
CSD_C5,True
CSD_C6,True
CSD_C7,True
CSD_C8,True
CSD_D10,True
CSD_D11,True
CSD_D12,True
CSD_D4,True
CSD_D5,True
CSD_D7,True
CSD_D8-A,True
CSD_D8-B,True
CSD_D9,True
CSD_I10,False
CSD_I11,False
CSD_I12,True
CSD_I13,True
CSD_I14,True
CSD_I16,True
CSD_I18,True
CSD_I19,True
CSD_I20,True
CSD_I21,True
CSD_I22,True
CSD_I23,True
CSD_I24,True
CSD_I25,True
CSD_I26,True
CSD_I3,False
CSD_I30,True
CSD_I32,True
CSD_I33,True
CSD_I36,True
CSD_I37,True
CSD_I38,True
CSD_I39,True
CSD_I40,True
CSD_I5,False
CSD_I7,False
CSD_I8,True
CSD_I9,False
CSD_S0,False
CSD_S10,True
CSD_S11,True
CSD_S12,True
CSD_S2,False
CSD_S3,False
CSD_S4,True
CSD_S5,True
CSD_S6,True
CSD_S8,True
CSD_S9,True
CT-SDG-274,False
CT_MS4-SDG-577,False
CT_MS4-SDR-035,False
CT_MS4-SWT-049,False
CT_MS4-SWT-162,False
CT_MS4-SWT-236,False
CT_MS4-TIJ-040,False
CV_SC-8,False
CV_SS-10-1,False
CV_SS-11,False
DC-66R,False
DM_40-CST-M,True
DM_65-28ST-M,True
DM_S-14,False
DPH 125,True
DPH 126,True
DW0067-UP,False
DW0081,False
DW0088,False
DW0133-E,False
DW0133-Outlet,True
DW0133-S-Busway,False
DW0133-S-Rosecrans,False
DW0133-W,False
DW0295-UP01,False
DW0297,False
DW0474,False
DW0580UP01,False
DW0696,False
DW0785-UP01,False
DW0823,False
DW0906-UP01,False
DW0925,False
DW0951,False
DW0954,False
DW0954-D,False
DW0954-SW,False
DW0954-UP,False
DW1063,False
DW1132-UP01,False
EH-063,True
EH-250-SD2,True
EH-253A,True
EH-253B,True
EH-280-SD,True
EH-290-SD,True
EH-300-SD,True
EH-305-SD2,True
EH-320-SD,True
EH-330-SD,True
EH-340-SD,True
EH-395,True
EH-421,True
EH-422,True
EH-423,True
EH-530,True
EH-535,True
EH-540,True
EH-545,True
EH-550,True
EH-555,True
EH-560,True
EH-565,True
EH-566,True
EH-567,True
EH-568,True
EH-569,True
EH-570,True
EH-571,True
EH-572,True
EH-573,True
ES_CLV_302,False
ES_EGR_201,False
ES_HDG_110,False
FM-030-SD,True
FM-050-SD,True
FM-080-SD,True
LC02,False
LG_Site 69-A,False
LM_OF-UNI-2-A,False
LM_OF-UNI-2-B,False
MB-125,True
MB-226,True
MURR_902MS44063,False
MV_BMP-Total-EFF,False
MV_BMP1-EFF,False
MV_BMP1-INF,False
MV_BMP3-EFF,False
MV_BMP3-INF,False
Mapleview_Street,False
NC_762-A,False
OC_AH-007,False
OC_AH-008,False
PL-082,True
"PO_290-1749, 4",False
"PO_302-1749, 1",False
"PO_306-1755, 1(W)",False
PT_2558,False
PT_2742,True
RCFC_1060,False
RCFC_1084,False
SD_DW0033-UP1,False
SD_DW0036-UP1,False
SD_DW0078-UP1,False
SD_DW0088,False
SD_DW0152-UP2,False
SD_DW0176,False
SD_DW0284-UP1,False
SD_DW0382-UP2,False
SD_DW0392-UP4,False
SD_DW0392-UP5,False
SD_DW0435-UP1,False
SD_DW0689-UP1,False
SD_DW0689-UP2,False
SD_DW0966-UP2,False
SD_DW1027-UP1,False
SD_DW1029,False
SD_DW1144-UP02,False
SoSCCo-COR,False
SoSCCo-ELL,False
SoSCCo-LCD,False
SoSCCo-LCU,False
SoSCCo-MON,False
SoSCCo-OAK,False
SoSCCo-UCD,False
SoSCCo-UCU,False
SoSCCo-VIS,False
SoSCCo-WAT,False
SoSCCo-WLL,False
TEM_902MS43038,False
WC01,False
110JG0331,False
110JG0378,False
110JG0516,False
110JG0580,False
412LARAIH,False
412LARDAB,False
510LSAC08,False
518BUT213,False
518BUT214,False
520CBD99E,False
535XLTAHR,False
540FRE010,False
544SAC005,False
544SAC006,False
544SJC010,False
544SJC543,False
544SJC546,False
544SJC547,False
544SJC548,False
544SJC549,False
544SJC550,False
544SJC551,False
545FRE505,False
551KRAJAV,False
558CCR198,False
901HSCBCC,False
901HSCBFC,False
901HSCUS1,False
901SJOF1x,False
902DLCDLM,False
902DVSDSU,False
902ELCALA,False
902R9CCC1,False
902REF025,False
902REF030,False
902SCSCRx,False
902UDLVGR,False
905STVOAK,False
906UPCUQV,False
910OTJMC4,False
911PVCASB,False
911S01818,False
All_Humboldt_County_Beaches,True
CSD_RSW-001_MMA,False
CSD_RSW-003_MMC,False
CT_MS4-SDR-098B,False
CT_MS4-SDR-098B_North,False
CT_MS4-SDR-098B_South,False
CT_MS4-SDR-588,False
CT_MS4-SDR-590,False
CT_MS4-SDR-592,False
EC_OF-7,False
EH-1-B,False
EH-1-C,False
EH-1-D,False
EH-109-0,True
EH-109-1300L,True
EH-109-300L,True
EH-109-300R,True
EH-4-B,False
EH-4-D,False
EH-4-E,False
ES_ESC_108,False
ES_ESC_146,False
ES_HDG_111,False
GREEN BRIDGE_Lagunitas Creek,True
IB-045,True
IB-067,True
LC8f-1.1,False
LC8f-1.2,False
LC8f-3.1,False
LC8f-4,False
LC8f-5,False
LC8f-5.1,False
LC8f-6,False
LC8f-6.1,False
LC8f-7,False
LC8f-7.1,False
LC8f-9632PB,False
LC8f-9656PB,False
LC8i-10,False
LC8i-11,False
LC8i-4.5,False
LC8i-5,False
LC8i-6,False
LC8i-7,False
LC8i-8,False
LC8i-9,False
LM_OF-ALV-2,False
Linda Mar Beach #7,True
MB-115,True
MS4-SDR-506,False
MS4-SDR-513,False
MS4-SDR-515,False
NRS-SL,False
NRS-SL1,False
O100,True
O310,True
"PO_282-1749, 3 (Site 2)-0",False
"PO_282-1755, 1",False
"PO_302-1761, 1A",False
"PO_314-1755, 1-1",False
SA_258-0,False
SA_E5g1,False
SMB-1-02,True
SM_INL11196,False
SM_OUT026,False
SM_OUT10236-1,False
WP00000519(2),True
WP0000519,True
WP0000520,True
Whitehouse Pool,True
114CCBL,False
114CCDSP1,False
114CCDSP2,False
114CCUSP1,False
114CCUSP2,False
202DER100,False
202FRE002,True
202FRE004,True
202FRE020,True
202FRE049,True
202FRE140,False
202FRE500,False
202PIL019,True
202PIL050,False
202PIL075,False
202PIL210,False
204CHA020,False
204CVY005,False
204CVY010,False
204R02068,False
204R02692,False
204SLO030,False
204WAR150,False
204WAR200,False
204WAR220,False
204WAR230,False
204WAR250,False
207ALH015,False
207R00700,False
207R01547,False
207R02615,False
207R03348,False
514SAC011,False
541XSFGCR,False
544WSAHRD,False
551WWDCCS,False
723XAACD4,False
ADMS,False
CAL-1,True
CAL-2,False
CAL-3,False
DW0696-CB,False
DW0696-CG1,False
DW0696-CG1-855,False
DW0696-CG1-869,False
DW0696-CG2,False
DW0696-E,False
DW0696-N,False
DW0696-UP,False
LG004,False
PRLT,False
SHAO,False
SPCM,True
STE-1,False
STE-2,False
STE-3,False
STE-4,False
STE-5,False
SoSCCo-G-XMAS,False
SoSCCo-SCC-CA,False
SoSCCo-SCC-REC,False
USSH,False
723NRDRWR,False
723XARD10,False
723XARD6A,False
723XRI3DN,False
723XXARD3,False
723XXARD6,False
723XXARD8,False
723XXCEDN,False
723XXGRDN,False
723XXHMDN,False
723XXNRD2,False
723XXNREH,False
723XXRODN,False
723XXSCDN,False
723XXVEDN,False
723XXXARO,False
723XXXNRO,False
CSD_F01,True
CSD_F02,True
CSD_F03,True
CSD_F04,True
CSD_F05,True
CSD_F06,True
CSD_F07,True
CSD_F08,True
CSD_F09,True
CSD_F10,True
CSD_F11,True
CSD_F12,True
CSD_F13,True
CSD_F14,True
CSD_F15,True
CSD_F16,True
CSD_F17,True
CSD_F18,True
CSD_F19,True
CSD_F20,True
CSD_F21,True
CSD_F22,True
CSD_F23,True
CSD_F24,True
CSD_F25,True
CSD_F26,True
CSD_F27,True
CSD_F28,True
CSD_F29,True
CSD_F30,True
CSD_F31,True
CSD_F32,True
CSD_F33,True
CSD_F34,True
CSD_F35,True
CSD_F36,True
EH-254,True
EH-574,True
EH-575,True
EH-576,True
MB-045,True
MB-046,True
MB-047,True
